date,year_month,year,month,day,week_number_yearly,week_number_monthly,weekday_name,weekday_name_and_week_number_monthly,weekday_holiday_weekend,is_offday,holiday_name,is_holiday,weekday_holiday_with_holiday,date_type,date_flag,latest_updated_at
2025-04-01,2025/4,2025,4,1,14,1,火,火（1）,平日,false,,false,平日,01_平日,平日,2026-06-04 21:36:28.812000
2025-04-02,2025/4,2025,4,2,14,1,水,水（1）,平日,false,,false,平日,01_平日,平日,2026-06-04 21:36:28.812000
2025-04-03,2025/4,2025,4,3,14,1,木,木（1）,平日,false,,false,平日,01_平日,平日,2026-06-04 21:36:28.812000
2025-04-04,2025/4,2025,4,4,14,1,金,金（1）,平日,false,,false,平日,01_平日,平日,2026-06-04 21:36:28.812000
2025-04-05,2025/4,2025,4,5,14,1,土,土（1）,休日,true,,false,休日,02_休日祝日,通常土日,2026-06-04 21:36:28.812000
2025-04-06,2025/4,2025,4,6,14,1,日,日（1）,休日,true,,false,休日,02_休日祝日,通常土日,2026-06-04 21:36:28.812000
2025-04-07,2025/4,2025,4,7,15,2,月,月（2）,平日,false,,false,平日,01_平日,平日,2026-06-04 21:36:28.812000
2025-04-08,2025/4,2025,4,8,15,2,火,火（2）,平日,false,,false,平日,01_平日,平日,2026-06-04 21:36:28.812000
2025-04-09,2025/4,2025,4,9,15,2,水,水（2）,平日,false,,false,平日,01_平日,平日,2026-06-04 21:36:28.812000
2025-04-10,2025/4,2025,4,10,15,2,木,木（2）,平日,false,,false,平日,01_平日,平日,2026-06-04 21:36:28.812000
2025-04-11,2025/4,2025,4,11,15,2,金,金（2）,平日,false,,false,平日,01_平日,平日,2026-06-04 21:36:28.812000
2025-04-12,2025/4,2025,4,12,15,2,土,土（2）,休日,true,,false,休日,02_休日祝日,通常土日,2026-06-04 21:36:28.812000
2025-04-13,2025/4,2025,4,13,15,2,日,日（2）,休日,true,,false,休日,02_休日祝日,通常土日,2026-06-04 21:36:28.812000
2025-04-14,2025/4,2025,4,14,16,3,月,月（3）,平日,false,,false,平日,01_平日,平日,2026-06-04 21:36:28.812000
2025-04-15,2025/4,2025,4,15,16,3,火,火（3）,平日,false,,false,平日,01_平日,平日,2026-06-04 21:36:28.812000
2025-04-16,2025/4,2025,4,16,16,3,水,水（3）,平日,false,,false,平日,01_平日,平日,2026-06-04 21:36:28.812000
2025-04-17,2025/4,2025,4,17,16,3,木,木（3）,平日,false,,false,平日,01_平日,平日,2026-06-04 21:36:28.812000
2025-04-18,2025/4,2025,4,18,16,3,金,金（3）,平日,false,,false,平日,01_平日,平日,2026-06-04 21:36:28.812000
2025-04-19,2025/4,2025,4,19,16,3,土,土（3）,休日,true,,false,休日,02_休日祝日,通常土日,2026-06-04 21:36:28.812000
2025-04-20,2025/4,2025,4,20,16,3,日,日（3）,休日,true,,false,休日,02_休日祝日,通常土日,2026-06-04 21:36:28.812000
2025-04-21,2025/4,2025,4,21,17,4,月,月（4）,平日,false,,false,平日,01_平日,平日,2026-06-04 21:36:28.812000
2025-04-22,2025/4,2025,4,22,17,4,火,火（4）,平日,false,,false,平日,01_平日,平日,2026-06-04 21:36:28.812000
2025-04-23,2025/4,2025,4,23,17,4,水,水（4）,平日,false,,false,平日,01_平日,平日,2026-06-04 21:36:28.812000
2025-04-24,2025/4,2025,4,24,17,4,木,木（4）,平日,false,,false,平日,01_平日,平日,2026-06-04 21:36:28.812000
2025-04-25,2025/4,2025,4,25,17,4,金,金（4）,平日,false,,false,平日,01_平日,平日,2026-06-04 21:36:28.812000
2025-04-26,2025/4,2025,4,26,17,4,土,土（4）,休日,true,,false,休日,02_休日祝日,通常土日,2026-06-04 21:36:28.812000
2025-04-27,2025/4,2025,4,27,17,4,日,日（4）,休日,true,,false,休日,02_休日祝日,通常土日,2026-06-04 21:36:28.812000
2025-04-28,2025/4,2025,4,28,18,5,月,月（5）,平日,false,,false,平日,01_平日,平日,2026-06-04 21:36:28.812000
2025-04-29,2025/4,2025,4,29,18,5,火,火（5）,平日,false,昭和の日,true,休日,02_休日祝日,飛び石祝日,2026-06-04 21:36:28.812000
2025-04-30,2025/4,2025,4,30,18,5,水,水（5）,平日,false,,false,平日,01_平日,平日,2026-06-04 21:36:28.812000
2025-05-01,2025/5,2025,5,1,18,1,木,木（1）,平日,false,,false,平日,01_平日,平日,2026-06-04 21:36:28.812000
2025-05-02,2025/5,2025,5,2,18,1,金,金（1）,平日,false,,false,平日,01_平日,平日,2026-06-04 21:36:28.812000
2025-05-03,2025/5,2025,5,3,18,1,土,土（1）,休日,true,憲法記念日,true,休日,02_休日祝日,GW,2026-06-04 21:36:28.812000
2025-05-04,2025/5,2025,5,4,18,1,日,日（1）,休日,true,みどりの日,true,休日,02_休日祝日,GW,2026-06-04 21:36:28.812000
2025-05-05,2025/5,2025,5,5,19,2,月,月（2）,平日,false,こどもの日,true,休日,02_休日祝日,GW,2026-06-04 21:36:28.812000
2025-05-06,2025/5,2025,5,6,19,2,火,火（2）,平日,false,みどりの日 振替休日,true,休日,02_休日祝日,GW,2026-06-04 21:36:28.812000
2025-05-07,2025/5,2025,5,7,19,2,水,水（2）,平日,false,,false,平日,01_平日,平日,2026-06-04 21:36:28.812000
2025-05-08,2025/5,2025,5,8,19,2,木,木（2）,平日,false,,false,平日,01_平日,平日,2026-06-04 21:36:28.812000
2025-05-09,2025/5,2025,5,9,19,2,金,金（2）,平日,false,,false,平日,01_平日,平日,2026-06-04 21:36:28.812000
2025-05-10,2025/5,2025,5,10,19,2,土,土（2）,休日,true,,false,休日,02_休日祝日,通常土日,2026-06-04 21:36:28.812000
2025-05-11,2025/5,2025,5,11,19,2,日,日（2）,休日,true,,false,休日,02_休日祝日,通常土日,2026-06-04 21:36:28.812000
2025-05-12,2025/5,2025,5,12,20,3,月,月（3）,平日,false,,false,平日,01_平日,平日,2026-06-04 21:36:28.812000
2025-05-13,2025/5,2025,5,13,20,3,火,火（3）,平日,false,,false,平日,01_平日,平日,2026-06-04 21:36:28.812000
2025-05-14,2025/5,2025,5,14,20,3,水,水（3）,平日,false,,false,平日,01_平日,平日,2026-06-04 21:36:28.812000
2025-05-15,2025/5,2025,5,15,20,3,木,木（3）,平日,false,,false,平日,01_平日,平日,2026-06-04 21:36:28.812000
2025-05-16,2025/5,2025,5,16,20,3,金,金（3）,平日,false,,false,平日,01_平日,平日,2026-06-04 21:36:28.812000
2025-05-17,2025/5,2025,5,17,20,3,土,土（3）,休日,true,,false,休日,02_休日祝日,通常土日,2026-06-04 21:36:28.812000
2025-05-18,2025/5,2025,5,18,20,3,日,日（3）,休日,true,,false,休日,02_休日祝日,通常土日,2026-06-04 21:36:28.812000
2025-05-19,2025/5,2025,5,19,21,4,月,月（4）,平日,false,,false,平日,01_平日,平日,2026-06-04 21:36:28.812000
2025-05-20,2025/5,2025,5,20,21,4,火,火（4）,平日,false,,false,平日,01_平日,平日,2026-06-04 21:36:28.812000
2025-05-21,2025/5,2025,5,21,21,4,水,水（4）,平日,false,,false,平日,01_平日,平日,2026-06-04 21:36:28.812000
2025-05-22,2025/5,2025,5,22,21,4,木,木（4）,平日,false,,false,平日,01_平日,平日,2026-06-04 21:36:28.812000
2025-05-23,2025/5,2025,5,23,21,4,金,金（4）,平日,false,,false,平日,01_平日,平日,2026-06-04 21:36:28.812000
2025-05-24,2025/5,2025,5,24,21,4,土,土（4）,休日,true,,false,休日,02_休日祝日,通常土日,2026-06-04 21:36:28.812000
2025-05-25,2025/5,2025,5,25,21,4,日,日（4）,休日,true,,false,休日,02_休日祝日,通常土日,2026-06-04 21:36:28.812000
2025-05-26,2025/5,2025,5,26,22,5,月,月（5）,平日,false,,false,平日,01_平日,平日,2026-06-04 21:36:28.812000
2025-05-27,2025/5,2025,5,27,22,5,火,火（5）,平日,false,,false,平日,01_平日,平日,2026-06-04 21:36:28.812000
2025-05-28,2025/5,2025,5,28,22,5,水,水（5）,平日,false,,false,平日,01_平日,平日,2026-06-04 21:36:28.812000
2025-05-29,2025/5,2025,5,29,22,5,木,木（5）,平日,false,,false,平日,01_平日,平日,2026-06-04 21:36:28.812000
2025-05-30,2025/5,2025,5,30,22,5,金,金（5）,平日,false,,false,平日,01_平日,平日,2026-06-04 21:36:28.812000
2025-05-31,2025/5,2025,5,31,22,5,土,土（5）,休日,true,,false,休日,02_休日祝日,通常土日,2026-06-04 21:36:28.812000
2025-06-01,2025/6,2025,6,1,22,1,日,日（1）,休日,true,,false,休日,02_休日祝日,通常土日,2026-06-04 21:36:28.812000
2025-06-02,2025/6,2025,6,2,23,2,月,月（2）,平日,false,,false,平日,01_平日,平日,2026-06-04 21:36:28.812000
2025-06-03,2025/6,2025,6,3,23,2,火,火（2）,平日,false,,false,平日,01_平日,平日,2026-06-04 21:36:28.812000
2025-06-04,2025/6,2025,6,4,23,2,水,水（2）,平日,false,,false,平日,01_平日,平日,2026-06-04 21:36:28.812000
2025-06-05,2025/6,2025,6,5,23,2,木,木（2）,平日,false,,false,平日,01_平日,平日,2026-06-04 21:36:28.812000
2025-06-06,2025/6,2025,6,6,23,2,金,金（2）,平日,false,,false,平日,01_平日,平日,2026-06-04 21:36:28.812000
2025-06-07,2025/6,2025,6,7,23,2,土,土（2）,休日,true,,false,休日,02_休日祝日,通常土日,2026-06-04 21:36:28.812000
2025-06-08,2025/6,2025,6,8,23,2,日,日（2）,休日,true,,false,休日,02_休日祝日,通常土日,2026-06-04 21:36:28.812000
2025-06-09,2025/6,2025,6,9,24,3,月,月（3）,平日,false,,false,平日,01_平日,平日,2026-06-04 21:36:28.812000
2025-06-10,2025/6,2025,6,10,24,3,火,火（3）,平日,false,,false,平日,01_平日,平日,2026-06-04 21:36:28.812000
2025-06-11,2025/6,2025,6,11,24,3,水,水（3）,平日,false,,false,平日,01_平日,平日,2026-06-04 21:36:28.812000
2025-06-12,2025/6,2025,6,12,24,3,木,木（3）,平日,false,,false,平日,01_平日,平日,2026-06-04 21:36:28.812000
2025-06-13,2025/6,2025,6,13,24,3,金,金（3）,平日,false,,false,平日,01_平日,平日,2026-06-04 21:36:28.812000
2025-06-14,2025/6,2025,6,14,24,3,土,土（3）,休日,true,,false,休日,02_休日祝日,通常土日,2026-06-04 21:36:28.812000
2025-06-15,2025/6,2025,6,15,24,3,日,日（3）,休日,true,,false,休日,02_休日祝日,通常土日,2026-06-04 21:36:28.812000
2025-06-16,2025/6,2025,6,16,25,4,月,月（4）,平日,false,,false,平日,01_平日,平日,2026-06-04 21:36:28.812000
2025-06-17,2025/6,2025,6,17,25,4,火,火（4）,平日,false,,false,平日,01_平日,平日,2026-06-04 21:36:28.812000
2025-06-18,2025/6,2025,6,18,25,4,水,水（4）,平日,false,,false,平日,01_平日,平日,2026-06-04 21:36:28.812000
2025-06-19,2025/6,2025,6,19,25,4,木,木（4）,平日,false,,false,平日,01_平日,平日,2026-06-04 21:36:28.812000
2025-06-20,2025/6,2025,6,20,25,4,金,金（4）,平日,false,,false,平日,01_平日,平日,2026-06-04 21:36:28.812000
2025-06-21,2025/6,2025,6,21,25,4,土,土（4）,休日,true,,false,休日,02_休日祝日,通常土日,2026-06-04 21:36:28.812000
2025-06-22,2025/6,2025,6,22,25,4,日,日（4）,休日,true,,false,休日,02_休日祝日,通常土日,2026-06-04 21:36:28.812000
2025-06-23,2025/6,2025,6,23,26,5,月,月（5）,平日,false,,false,平日,01_平日,平日,2026-06-04 21:36:28.812000
2025-06-24,2025/6,2025,6,24,26,5,火,火（5）,平日,false,,false,平日,01_平日,平日,2026-06-04 21:36:28.812000
2025-06-25,2025/6,2025,6,25,26,5,水,水（5）,平日,false,,false,平日,01_平日,平日,2026-06-04 21:36:28.812000
2025-06-26,2025/6,2025,6,26,26,5,木,木（5）,平日,false,,false,平日,01_平日,平日,2026-06-04 21:36:28.812000
2025-06-27,2025/6,2025,6,27,26,5,金,金（5）,平日,false,,false,平日,01_平日,平日,2026-06-04 21:36:28.812000
2025-06-28,2025/6,2025,6,28,26,5,土,土（5）,休日,true,,false,休日,02_休日祝日,通常土日,2026-06-04 21:36:28.812000
2025-06-29,2025/6,2025,6,29,26,5,日,日（5）,休日,true,,false,休日,02_休日祝日,通常土日,2026-06-04 21:36:28.812000
2025-06-30,2025/6,2025,6,30,27,6,月,月（6）,平日,false,,false,平日,01_平日,平日,2026-06-04 21:36:28.812000
2025-07-01,2025/7,2025,7,1,27,1,火,火（1）,平日,false,,false,平日,01_平日,平日,2026-06-04 21:36:28.812000
2025-07-02,2025/7,2025,7,2,27,1,水,水（1）,平日,false,,false,平日,01_平日,平日,2026-06-04 21:36:28.812000
2025-07-03,2025/7,2025,7,3,27,1,木,木（1）,平日,false,,false,平日,01_平日,平日,2026-06-04 21:36:28.812000
2025-07-04,2025/7,2025,7,4,27,1,金,金（1）,平日,false,,false,平日,01_平日,平日,2026-06-04 21:36:28.812000
2025-07-05,2025/7,2025,7,5,27,1,土,土（1）,休日,true,,false,休日,02_休日祝日,通常土日,2026-06-04 21:36:28.812000
2025-07-06,2025/7,2025,7,6,27,1,日,日（1）,休日,true,,false,休日,02_休日祝日,通常土日,2026-06-04 21:36:28.812000
2025-07-07,2025/7,2025,7,7,28,2,月,月（2）,平日,false,,false,平日,01_平日,平日,2026-06-04 21:36:28.812000
2025-07-08,2025/7,2025,7,8,28,2,火,火（2）,平日,false,,false,平日,01_平日,平日,2026-06-04 21:36:28.812000
2025-07-09,2025/7,2025,7,9,28,2,水,水（2）,平日,false,,false,平日,01_平日,平日,2026-06-04 21:36:28.812000
2025-07-10,2025/7,2025,7,10,28,2,木,木（2）,平日,false,,false,平日,01_平日,平日,2026-06-04 21:36:28.812000
2025-07-11,2025/7,2025,7,11,28,2,金,金（2）,平日,false,,false,平日,01_平日,平日,2026-06-04 21:36:28.812000
2025-07-12,2025/7,2025,7,12,28,2,土,土（2）,休日,true,,false,休日,02_休日祝日,通常土日,2026-06-04 21:36:28.812000
2025-07-13,2025/7,2025,7,13,28,2,日,日（2）,休日,true,,false,休日,02_休日祝日,通常土日,2026-06-04 21:36:28.812000
2025-07-14,2025/7,2025,7,14,29,3,月,月（3）,平日,false,,false,平日,01_平日,平日,2026-06-04 21:36:28.812000
2025-07-15,2025/7,2025,7,15,29,3,火,火（3）,平日,false,,false,平日,01_平日,平日,2026-06-04 21:36:28.812000
2025-07-16,2025/7,2025,7,16,29,3,水,水（3）,平日,false,,false,平日,01_平日,平日,2026-06-04 21:36:28.812000
2025-07-17,2025/7,2025,7,17,29,3,木,木（3）,平日,false,,false,平日,01_平日,平日,2026-06-04 21:36:28.812000
2025-07-18,2025/7,2025,7,18,29,3,金,金（3）,平日,false,,false,平日,01_平日,平日,2026-06-04 21:36:28.812000
2025-07-19,2025/7,2025,7,19,29,3,土,土（3）,休日,true,,false,休日,02_休日祝日,三連休,2026-06-04 21:36:28.812000
2025-07-20,2025/7,2025,7,20,29,3,日,日（3）,休日,true,,false,休日,02_休日祝日,三連休,2026-06-04 21:36:28.812000
2025-07-21,2025/7,2025,7,21,30,4,月,月（4）,平日,false,海の日,true,休日,02_休日祝日,三連休,2026-06-04 21:36:28.812000
2025-07-22,2025/7,2025,7,22,30,4,火,火（4）,平日,false,,false,平日,01_平日,平日,2026-06-04 21:36:28.812000
2025-07-23,2025/7,2025,7,23,30,4,水,水（4）,平日,false,,false,平日,01_平日,平日,2026-06-04 21:36:28.812000
2025-07-24,2025/7,2025,7,24,30,4,木,木（4）,平日,false,,false,平日,01_平日,平日,2026-06-04 21:36:28.812000
2025-07-25,2025/7,2025,7,25,30,4,金,金（4）,平日,false,,false,平日,01_平日,平日,2026-06-04 21:36:28.812000
2025-07-26,2025/7,2025,7,26,30,4,土,土（4）,休日,true,,false,休日,02_休日祝日,通常土日,2026-06-04 21:36:28.812000
2025-07-27,2025/7,2025,7,27,30,4,日,日（4）,休日,true,,false,休日,02_休日祝日,通常土日,2026-06-04 21:36:28.812000
2025-07-28,2025/7,2025,7,28,31,5,月,月（5）,平日,false,,false,平日,01_平日,平日,2026-06-04 21:36:28.812000
2025-07-29,2025/7,2025,7,29,31,5,火,火（5）,平日,false,,false,平日,01_平日,平日,2026-06-04 21:36:28.812000
2025-07-30,2025/7,2025,7,30,31,5,水,水（5）,平日,false,,false,平日,01_平日,平日,2026-06-04 21:36:28.812000
2025-07-31,2025/7,2025,7,31,31,5,木,木（5）,平日,false,,false,平日,01_平日,平日,2026-06-04 21:36:28.812000
2025-08-01,2025/8,2025,8,1,31,1,金,金（1）,平日,false,,false,平日,01_平日,平日,2026-06-04 21:36:28.812000
2025-08-02,2025/8,2025,8,2,31,1,土,土（1）,休日,true,,false,休日,02_休日祝日,通常土日,2026-06-04 21:36:28.812000
2025-08-03,2025/8,2025,8,3,31,1,日,日（1）,休日,true,,false,休日,02_休日祝日,通常土日,2026-06-04 21:36:28.812000
2025-08-04,2025/8,2025,8,4,32,2,月,月（2）,平日,false,,false,平日,01_平日,平日,2026-06-04 21:36:28.812000
2025-08-05,2025/8,2025,8,5,32,2,火,火（2）,平日,false,,false,平日,01_平日,平日,2026-06-04 21:36:28.812000
2025-08-06,2025/8,2025,8,6,32,2,水,水（2）,平日,false,,false,平日,01_平日,平日,2026-06-04 21:36:28.812000
2025-08-07,2025/8,2025,8,7,32,2,木,木（2）,平日,false,,false,平日,01_平日,平日,2026-06-04 21:36:28.812000
2025-08-08,2025/8,2025,8,8,32,2,金,金（2）,平日,false,,false,平日,01_平日,平日,2026-06-04 21:36:28.812000
2025-08-09,2025/8,2025,8,9,32,2,土,土（2）,休日,true,,false,休日,02_休日祝日,お盆,2026-06-04 21:36:28.812000
2025-08-10,2025/8,2025,8,10,32,2,日,日（2）,休日,true,,false,休日,02_休日祝日,お盆,2026-06-04 21:36:28.812000
2025-08-11,2025/8,2025,8,11,33,3,月,月（3）,平日,false,山の日,true,休日,02_休日祝日,お盆,2026-06-04 21:36:28.812000
2025-08-12,2025/8,2025,8,12,33,3,火,火（3）,平日,false,,false,平日,01_平日,お盆,2026-06-04 21:36:28.812000
2025-08-13,2025/8,2025,8,13,33,3,水,水（3）,平日,false,,false,平日,01_平日,お盆,2026-06-04 21:36:28.812000
2025-08-14,2025/8,2025,8,14,33,3,木,木（3）,平日,false,,false,平日,01_平日,お盆,2026-06-04 21:36:28.812000
2025-08-15,2025/8,2025,8,15,33,3,金,金（3）,平日,false,,false,平日,01_平日,お盆,2026-06-04 21:36:28.812000
2025-08-16,2025/8,2025,8,16,33,3,土,土（3）,休日,true,,false,休日,02_休日祝日,お盆,2026-06-04 21:36:28.812000
2025-08-17,2025/8,2025,8,17,33,3,日,日（3）,休日,true,,false,休日,02_休日祝日,お盆,2026-06-04 21:36:28.812000
2025-08-18,2025/8,2025,8,18,34,4,月,月（4）,平日,false,,false,平日,01_平日,平日,2026-06-04 21:36:28.812000
2025-08-19,2025/8,2025,8,19,34,4,火,火（4）,平日,false,,false,平日,01_平日,平日,2026-06-04 21:36:28.812000
2025-08-20,2025/8,2025,8,20,34,4,水,水（4）,平日,false,,false,平日,01_平日,平日,2026-06-04 21:36:28.812000
2025-08-21,2025/8,2025,8,21,34,4,木,木（4）,平日,false,,false,平日,01_平日,平日,2026-06-04 21:36:28.812000
2025-08-22,2025/8,2025,8,22,34,4,金,金（4）,平日,false,,false,平日,01_平日,平日,2026-06-04 21:36:28.812000
2025-08-23,2025/8,2025,8,23,34,4,土,土（4）,休日,true,,false,休日,02_休日祝日,通常土日,2026-06-04 21:36:28.812000
2025-08-24,2025/8,2025,8,24,34,4,日,日（4）,休日,true,,false,休日,02_休日祝日,通常土日,2026-06-04 21:36:28.812000
2025-08-25,2025/8,2025,8,25,35,5,月,月（5）,平日,false,,false,平日,01_平日,平日,2026-06-04 21:36:28.812000
2025-08-26,2025/8,2025,8,26,35,5,火,火（5）,平日,false,,false,平日,01_平日,平日,2026-06-04 21:36:28.812000
2025-08-27,2025/8,2025,8,27,35,5,水,水（5）,平日,false,,false,平日,01_平日,平日,2026-06-04 21:36:28.812000
2025-08-28,2025/8,2025,8,28,35,5,木,木（5）,平日,false,,false,平日,01_平日,平日,2026-06-04 21:36:28.812000
2025-08-29,2025/8,2025,8,29,35,5,金,金（5）,平日,false,,false,平日,01_平日,平日,2026-06-04 21:36:28.812000
2025-08-30,2025/8,2025,8,30,35,5,土,土（5）,休日,true,,false,休日,02_休日祝日,通常土日,2026-06-04 21:36:28.812000
2025-08-31,2025/8,2025,8,31,35,5,日,日（5）,休日,true,,false,休日,02_休日祝日,通常土日,2026-06-04 21:36:28.812000
2025-09-01,2025/9,2025,9,1,36,1,月,月（1）,平日,false,,false,平日,01_平日,平日,2026-06-04 21:36:28.812000
2025-09-02,2025/9,2025,9,2,36,1,火,火（1）,平日,false,,false,平日,01_平日,平日,2026-06-04 21:36:28.812000
2025-09-03,2025/9,2025,9,3,36,1,水,水（1）,平日,false,,false,平日,01_平日,平日,2026-06-04 21:36:28.812000
2025-09-04,2025/9,2025,9,4,36,1,木,木（1）,平日,false,,false,平日,01_平日,平日,2026-06-04 21:36:28.812000
2025-09-05,2025/9,2025,9,5,36,1,金,金（1）,平日,false,,false,平日,01_平日,平日,2026-06-04 21:36:28.812000
2025-09-06,2025/9,2025,9,6,36,1,土,土（1）,休日,true,,false,休日,02_休日祝日,通常土日,2026-06-04 21:36:28.812000
2025-09-07,2025/9,2025,9,7,36,1,日,日（1）,休日,true,,false,休日,02_休日祝日,通常土日,2026-06-04 21:36:28.812000
2025-09-08,2025/9,2025,9,8,37,2,月,月（2）,平日,false,,false,平日,01_平日,平日,2026-06-04 21:36:28.812000
2025-09-09,2025/9,2025,9,9,37,2,火,火（2）,平日,false,,false,平日,01_平日,平日,2026-06-04 21:36:28.812000
2025-09-10,2025/9,2025,9,10,37,2,水,水（2）,平日,false,,false,平日,01_平日,平日,2026-06-04 21:36:28.812000
2025-09-11,2025/9,2025,9,11,37,2,木,木（2）,平日,false,,false,平日,01_平日,平日,2026-06-04 21:36:28.812000
2025-09-12,2025/9,2025,9,12,37,2,金,金（2）,平日,false,,false,平日,01_平日,平日,2026-06-04 21:36:28.812000
2025-09-13,2025/9,2025,9,13,37,2,土,土（2）,休日,true,,false,休日,02_休日祝日,三連休,2026-06-04 21:36:28.812000
2025-09-14,2025/9,2025,9,14,37,2,日,日（2）,休日,true,,false,休日,02_休日祝日,三連休,2026-06-04 21:36:28.812000
2025-09-15,2025/9,2025,9,15,38,3,月,月（3）,平日,false,敬老の日,true,休日,02_休日祝日,三連休,2026-06-04 21:36:28.812000
2025-09-16,2025/9,2025,9,16,38,3,火,火（3）,平日,false,,false,平日,01_平日,平日,2026-06-04 21:36:28.812000
2025-09-17,2025/9,2025,9,17,38,3,水,水（3）,平日,false,,false,平日,01_平日,平日,2026-06-04 21:36:28.812000
2025-09-18,2025/9,2025,9,18,38,3,木,木（3）,平日,false,,false,平日,01_平日,平日,2026-06-04 21:36:28.812000
2025-09-19,2025/9,2025,9,19,38,3,金,金（3）,平日,false,,false,平日,01_平日,平日,2026-06-04 21:36:28.812000
2025-09-20,2025/9,2025,9,20,38,3,土,土（3）,休日,true,,false,休日,02_休日祝日,通常土日,2026-06-04 21:36:28.812000
2025-09-21,2025/9,2025,9,21,38,3,日,日（3）,休日,true,,false,休日,02_休日祝日,通常土日,2026-06-04 21:36:28.812000
2025-09-22,2025/9,2025,9,22,39,4,月,月（4）,平日,false,,false,平日,01_平日,平日,2026-06-04 21:36:28.812000
2025-09-23,2025/9,2025,9,23,39,4,火,火（4）,平日,false,秋分の日,true,休日,02_休日祝日,飛び石祝日,2026-06-04 21:36:28.812000
2025-09-24,2025/9,2025,9,24,39,4,水,水（4）,平日,false,,false,平日,01_平日,平日,2026-06-04 21:36:28.812000
2025-09-25,2025/9,2025,9,25,39,4,木,木（4）,平日,false,,false,平日,01_平日,平日,2026-06-04 21:36:28.812000
2025-09-26,2025/9,2025,9,26,39,4,金,金（4）,平日,false,,false,平日,01_平日,平日,2026-06-04 21:36:28.812000
2025-09-27,2025/9,2025,9,27,39,4,土,土（4）,休日,true,,false,休日,02_休日祝日,通常土日,2026-06-04 21:36:28.812000
2025-09-28,2025/9,2025,9,28,39,4,日,日（4）,休日,true,,false,休日,02_休日祝日,通常土日,2026-06-04 21:36:28.812000
2025-09-29,2025/9,2025,9,29,40,5,月,月（5）,平日,false,,false,平日,01_平日,平日,2026-06-04 21:36:28.812000
2025-09-30,2025/9,2025,9,30,40,5,火,火（5）,平日,false,,false,平日,01_平日,平日,2026-06-04 21:36:28.812000
2025-10-01,2025/10,2025,10,1,40,1,水,水（1）,平日,false,,false,平日,01_平日,平日,2026-06-04 21:36:28.812000
2025-10-02,2025/10,2025,10,2,40,1,木,木（1）,平日,false,,false,平日,01_平日,平日,2026-06-04 21:36:28.812000
2025-10-03,2025/10,2025,10,3,40,1,金,金（1）,平日,false,,false,平日,01_平日,平日,2026-06-04 21:36:28.812000
2025-10-04,2025/10,2025,10,4,40,1,土,土（1）,休日,true,,false,休日,02_休日祝日,通常土日,2026-06-04 21:36:28.812000
2025-10-05,2025/10,2025,10,5,40,1,日,日（1）,休日,true,,false,休日,02_休日祝日,通常土日,2026-06-04 21:36:28.812000
2025-10-06,2025/10,2025,10,6,41,2,月,月（2）,平日,false,,false,平日,01_平日,平日,2026-06-04 21:36:28.812000
2025-10-07,2025/10,2025,10,7,41,2,火,火（2）,平日,false,,false,平日,01_平日,平日,2026-06-04 21:36:28.812000
2025-10-08,2025/10,2025,10,8,41,2,水,水（2）,平日,false,,false,平日,01_平日,平日,2026-06-04 21:36:28.812000
2025-10-09,2025/10,2025,10,9,41,2,木,木（2）,平日,false,,false,平日,01_平日,平日,2026-06-04 21:36:28.812000
2025-10-10,2025/10,2025,10,10,41,2,金,金（2）,平日,false,,false,平日,01_平日,平日,2026-06-04 21:36:28.812000
2025-10-11,2025/10,2025,10,11,41,2,土,土（2）,休日,true,,false,休日,02_休日祝日,三連休,2026-06-04 21:36:28.812000
2025-10-12,2025/10,2025,10,12,41,2,日,日（2）,休日,true,,false,休日,02_休日祝日,三連休,2026-06-04 21:36:28.812000
2025-10-13,2025/10,2025,10,13,42,3,月,月（3）,平日,false,スポーツの日,true,休日,02_休日祝日,三連休,2026-06-04 21:36:28.812000
2025-10-14,2025/10,2025,10,14,42,3,火,火（3）,平日,false,,false,平日,01_平日,平日,2026-06-04 21:36:28.812000
2025-10-15,2025/10,2025,10,15,42,3,水,水（3）,平日,false,,false,平日,01_平日,平日,2026-06-04 21:36:28.812000
2025-10-16,2025/10,2025,10,16,42,3,木,木（3）,平日,false,,false,平日,01_平日,平日,2026-06-04 21:36:28.812000
2025-10-17,2025/10,2025,10,17,42,3,金,金（3）,平日,false,,false,平日,01_平日,平日,2026-06-04 21:36:28.812000
2025-10-18,2025/10,2025,10,18,42,3,土,土（3）,休日,true,,false,休日,02_休日祝日,通常土日,2026-06-04 21:36:28.812000
2025-10-19,2025/10,2025,10,19,42,3,日,日（3）,休日,true,,false,休日,02_休日祝日,通常土日,2026-06-04 21:36:28.812000
2025-10-20,2025/10,2025,10,20,43,4,月,月（4）,平日,false,,false,平日,01_平日,平日,2026-06-04 21:36:28.812000
2025-10-21,2025/10,2025,10,21,43,4,火,火（4）,平日,false,,false,平日,01_平日,平日,2026-06-04 21:36:28.812000
2025-10-22,2025/10,2025,10,22,43,4,水,水（4）,平日,false,,false,平日,01_平日,平日,2026-06-04 21:36:28.812000
2025-10-23,2025/10,2025,10,23,43,4,木,木（4）,平日,false,,false,平日,01_平日,平日,2026-06-04 21:36:28.812000
2025-10-24,2025/10,2025,10,24,43,4,金,金（4）,平日,false,,false,平日,01_平日,平日,2026-06-04 21:36:28.812000
2025-10-25,2025/10,2025,10,25,43,4,土,土（4）,休日,true,,false,休日,02_休日祝日,通常土日,2026-06-04 21:36:28.812000
2025-10-26,2025/10,2025,10,26,43,4,日,日（4）,休日,true,,false,休日,02_休日祝日,通常土日,2026-06-04 21:36:28.812000
2025-10-27,2025/10,2025,10,27,44,5,月,月（5）,平日,false,,false,平日,01_平日,平日,2026-06-04 21:36:28.812000
2025-10-28,2025/10,2025,10,28,44,5,火,火（5）,平日,false,,false,平日,01_平日,平日,2026-06-04 21:36:28.812000
2025-10-29,2025/10,2025,10,29,44,5,水,水（5）,平日,false,,false,平日,01_平日,平日,2026-06-04 21:36:28.812000
2025-10-30,2025/10,2025,10,30,44,5,木,木（5）,平日,false,,false,平日,01_平日,平日,2026-06-04 21:36:28.812000
2025-10-31,2025/10,2025,10,31,44,5,金,金（5）,平日,false,,false,平日,01_平日,平日,2026-06-04 21:36:28.812000
2025-11-01,2025/11,2025,11,1,44,1,土,土（1）,休日,true,,false,休日,02_休日祝日,三連休,2026-06-04 21:36:28.812000
2025-11-02,2025/11,2025,11,2,44,1,日,日（1）,休日,true,,false,休日,02_休日祝日,三連休,2026-06-04 21:36:28.812000
2025-11-03,2025/11,2025,11,3,45,2,月,月（2）,平日,false,文化の日,true,休日,02_休日祝日,三連休,2026-06-04 21:36:28.812000
2025-11-04,2025/11,2025,11,4,45,2,火,火（2）,平日,false,,false,平日,01_平日,平日,2026-06-04 21:36:28.812000
2025-11-05,2025/11,2025,11,5,45,2,水,水（2）,平日,false,,false,平日,01_平日,平日,2026-06-04 21:36:28.812000
2025-11-06,2025/11,2025,11,6,45,2,木,木（2）,平日,false,,false,平日,01_平日,平日,2026-06-04 21:36:28.812000
2025-11-07,2025/11,2025,11,7,45,2,金,金（2）,平日,false,,false,平日,01_平日,平日,2026-06-04 21:36:28.812000
2025-11-08,2025/11,2025,11,8,45,2,土,土（2）,休日,true,,false,休日,02_休日祝日,通常土日,2026-06-04 21:36:28.812000
2025-11-09,2025/11,2025,11,9,45,2,日,日（2）,休日,true,,false,休日,02_休日祝日,通常土日,2026-06-04 21:36:28.812000
2025-11-10,2025/11,2025,11,10,46,3,月,月（3）,平日,false,,false,平日,01_平日,平日,2026-06-04 21:36:28.812000
2025-11-11,2025/11,2025,11,11,46,3,火,火（3）,平日,false,,false,平日,01_平日,平日,2026-06-04 21:36:28.812000
2025-11-12,2025/11,2025,11,12,46,3,水,水（3）,平日,false,,false,平日,01_平日,平日,2026-06-04 21:36:28.812000
2025-11-13,2025/11,2025,11,13,46,3,木,木（3）,平日,false,,false,平日,01_平日,平日,2026-06-04 21:36:28.812000
2025-11-14,2025/11,2025,11,14,46,3,金,金（3）,平日,false,,false,平日,01_平日,平日,2026-06-04 21:36:28.812000
2025-11-15,2025/11,2025,11,15,46,3,土,土（3）,休日,true,,false,休日,02_休日祝日,通常土日,2026-06-04 21:36:28.812000
2025-11-16,2025/11,2025,11,16,46,3,日,日（3）,休日,true,,false,休日,02_休日祝日,通常土日,2026-06-04 21:36:28.812000
2025-11-17,2025/11,2025,11,17,47,4,月,月（4）,平日,false,,false,平日,01_平日,平日,2026-06-04 21:36:28.812000
2025-11-18,2025/11,2025,11,18,47,4,火,火（4）,平日,false,,false,平日,01_平日,平日,2026-06-04 21:36:28.812000
2025-11-19,2025/11,2025,11,19,47,4,水,水（4）,平日,false,,false,平日,01_平日,平日,2026-06-04 21:36:28.812000
2025-11-20,2025/11,2025,11,20,47,4,木,木（4）,平日,false,,false,平日,01_平日,平日,2026-06-04 21:36:28.812000
2025-11-21,2025/11,2025,11,21,47,4,金,金（4）,平日,false,,false,平日,01_平日,平日,2026-06-04 21:36:28.812000
2025-11-22,2025/11,2025,11,22,47,4,土,土（4）,休日,true,,false,休日,02_休日祝日,三連休,2026-06-04 21:36:28.812000
2025-11-23,2025/11,2025,11,23,47,4,日,日（4）,休日,true,勤労感謝の日,true,休日,02_休日祝日,三連休,2026-06-04 21:36:28.812000
2025-11-24,2025/11,2025,11,24,48,5,月,月（5）,平日,false,勤労感謝の日 振替休日,true,休日,02_休日祝日,三連休,2026-06-04 21:36:28.812000
2025-11-25,2025/11,2025,11,25,48,5,火,火（5）,平日,false,,false,平日,01_平日,平日,2026-06-04 21:36:28.812000
2025-11-26,2025/11,2025,11,26,48,5,水,水（5）,平日,false,,false,平日,01_平日,平日,2026-06-04 21:36:28.812000
2025-11-27,2025/11,2025,11,27,48,5,木,木（5）,平日,false,,false,平日,01_平日,平日,2026-06-04 21:36:28.812000
2025-11-28,2025/11,2025,11,28,48,5,金,金（5）,平日,false,,false,平日,01_平日,ブラックフライデー,2026-06-04 21:36:28.812000
2025-11-29,2025/11,2025,11,29,48,5,土,土（5）,休日,true,,false,休日,02_休日祝日,ブラックフライデー,2026-06-04 21:36:28.812000
2025-11-30,2025/11,2025,11,30,48,5,日,日（5）,休日,true,,false,休日,02_休日祝日,ブラックフライデー,2026-06-04 21:36:28.812000
2025-12-01,2025/12,2025,12,1,49,1,月,月（1）,平日,false,,false,平日,01_平日,平日,2026-06-04 21:36:28.812000
2025-12-02,2025/12,2025,12,2,49,1,火,火（1）,平日,false,,false,平日,01_平日,平日,2026-06-04 21:36:28.812000
2025-12-03,2025/12,2025,12,3,49,1,水,水（1）,平日,false,,false,平日,01_平日,平日,2026-06-04 21:36:28.812000
2025-12-04,2025/12,2025,12,4,49,1,木,木（1）,平日,false,,false,平日,01_平日,平日,2026-06-04 21:36:28.812000
2025-12-05,2025/12,2025,12,5,49,1,金,金（1）,平日,false,,false,平日,01_平日,平日,2026-06-04 21:36:28.812000
2025-12-06,2025/12,2025,12,6,49,1,土,土（1）,休日,true,,false,休日,02_休日祝日,通常土日,2026-06-04 21:36:28.812000
2025-12-07,2025/12,2025,12,7,49,1,日,日（1）,休日,true,,false,休日,02_休日祝日,通常土日,2026-06-04 21:36:28.812000
2025-12-08,2025/12,2025,12,8,50,2,月,月（2）,平日,false,,false,平日,01_平日,平日,2026-06-04 21:36:28.812000
2025-12-09,2025/12,2025,12,9,50,2,火,火（2）,平日,false,,false,平日,01_平日,平日,2026-06-04 21:36:28.812000
2025-12-10,2025/12,2025,12,10,50,2,水,水（2）,平日,false,,false,平日,01_平日,平日,2026-06-04 21:36:28.812000
2025-12-11,2025/12,2025,12,11,50,2,木,木（2）,平日,false,,false,平日,01_平日,平日,2026-06-04 21:36:28.812000
2025-12-12,2025/12,2025,12,12,50,2,金,金（2）,平日,false,,false,平日,01_平日,平日,2026-06-04 21:36:28.812000
2025-12-13,2025/12,2025,12,13,50,2,土,土（2）,休日,true,,false,休日,02_休日祝日,通常土日,2026-06-04 21:36:28.812000
2025-12-14,2025/12,2025,12,14,50,2,日,日（2）,休日,true,,false,休日,02_休日祝日,通常土日,2026-06-04 21:36:28.812000
2025-12-15,2025/12,2025,12,15,51,3,月,月（3）,平日,false,,false,平日,01_平日,平日,2026-06-04 21:36:28.812000
2025-12-16,2025/12,2025,12,16,51,3,火,火（3）,平日,false,,false,平日,01_平日,平日,2026-06-04 21:36:28.812000
2025-12-17,2025/12,2025,12,17,51,3,水,水（3）,平日,false,,false,平日,01_平日,平日,2026-06-04 21:36:28.812000
2025-12-18,2025/12,2025,12,18,51,3,木,木（3）,平日,false,,false,平日,01_平日,平日,2026-06-04 21:36:28.812000
2025-12-19,2025/12,2025,12,19,51,3,金,金（3）,平日,false,,false,平日,01_平日,平日,2026-06-04 21:36:28.812000
2025-12-20,2025/12,2025,12,20,51,3,土,土（3）,休日,true,,false,休日,02_休日祝日,通常土日,2026-06-04 21:36:28.812000
2025-12-21,2025/12,2025,12,21,51,3,日,日（3）,休日,true,,false,休日,02_休日祝日,通常土日,2026-06-04 21:36:28.812000
2025-12-22,2025/12,2025,12,22,52,4,月,月（4）,平日,false,,false,平日,01_平日,平日,2026-06-04 21:36:28.812000
2025-12-23,2025/12,2025,12,23,52,4,火,火（4）,平日,false,,false,平日,01_平日,平日,2026-06-04 21:36:28.812000
2025-12-24,2025/12,2025,12,24,52,4,水,水（4）,平日,false,,false,平日,01_平日,平日,2026-06-04 21:36:28.812000
2025-12-25,2025/12,2025,12,25,52,4,木,木（4）,平日,false,,false,平日,01_平日,平日,2026-06-04 21:36:28.812000
2025-12-26,2025/12,2025,12,26,52,4,金,金（4）,平日,false,,false,平日,01_平日,平日,2026-06-04 21:36:28.812000
2025-12-27,2025/12,2025,12,27,52,4,土,土（4）,休日,true,,false,休日,02_休日祝日,年末,2026-06-04 21:36:28.812000
2025-12-28,2025/12,2025,12,28,52,4,日,日（4）,休日,true,,false,休日,02_休日祝日,年末,2026-06-04 21:36:28.812000
2025-12-29,2025/12,2025,12,29,1,5,月,月（5）,平日,false,,false,平日,04_年末年始,年末,2026-06-04 21:36:28.812000
2025-12-30,2025/12,2025,12,30,1,5,火,火（5）,平日,false,,false,平日,04_年末年始,年末,2026-06-04 21:36:28.812000
2025-12-31,2025/12,2025,12,31,1,5,水,水（5）,平日,false,,false,平日,04_年末年始,年末,2026-06-04 21:36:28.812000
2026-01-01,2026/1,2026,1,1,1,1,木,木（1）,平日,false,元日,true,休日,04_年末年始,正月,2026-06-04 21:36:28.812000
2026-01-02,2026/1,2026,1,2,1,1,金,金（1）,平日,false,,false,平日,04_年末年始,正月,2026-06-04 21:36:28.812000
2026-01-03,2026/1,2026,1,3,1,1,土,土（1）,休日,true,,false,休日,04_年末年始,正月,2026-06-04 21:36:28.812000
2026-01-04,2026/1,2026,1,4,1,1,日,日（1）,休日,true,,false,休日,02_休日祝日,正月,2026-06-04 21:36:28.812000
2026-01-05,2026/1,2026,1,5,2,2,月,月（2）,平日,false,,false,平日,01_平日,平日,2026-06-04 21:36:28.812000
2026-01-06,2026/1,2026,1,6,2,2,火,火（2）,平日,false,,false,平日,01_平日,平日,2026-06-04 21:36:28.812000
2026-01-07,2026/1,2026,1,7,2,2,水,水（2）,平日,false,,false,平日,01_平日,平日,2026-06-04 21:36:28.812000
2026-01-08,2026/1,2026,1,8,2,2,木,木（2）,平日,false,,false,平日,01_平日,平日,2026-06-04 21:36:28.812000
2026-01-09,2026/1,2026,1,9,2,2,金,金（2）,平日,false,,false,平日,01_平日,平日,2026-06-04 21:36:28.812000
2026-01-10,2026/1,2026,1,10,2,2,土,土（2）,休日,true,,false,休日,02_休日祝日,三連休,2026-06-04 21:36:28.812000
2026-01-11,2026/1,2026,1,11,2,2,日,日（2）,休日,true,,false,休日,02_休日祝日,三連休,2026-06-04 21:36:28.812000
2026-01-12,2026/1,2026,1,12,3,3,月,月（3）,平日,false,成人の日,true,休日,02_休日祝日,三連休,2026-06-04 21:36:28.812000
2026-01-13,2026/1,2026,1,13,3,3,火,火（3）,平日,false,,false,平日,01_平日,平日,2026-06-04 21:36:28.812000
2026-01-14,2026/1,2026,1,14,3,3,水,水（3）,平日,false,,false,平日,01_平日,平日,2026-06-04 21:36:28.812000
2026-01-15,2026/1,2026,1,15,3,3,木,木（3）,平日,false,,false,平日,01_平日,平日,2026-06-04 21:36:28.812000
2026-01-16,2026/1,2026,1,16,3,3,金,金（3）,平日,false,,false,平日,01_平日,平日,2026-06-04 21:36:28.812000
2026-01-17,2026/1,2026,1,17,3,3,土,土（3）,休日,true,,false,休日,02_休日祝日,通常土日,2026-06-04 21:36:28.812000
2026-01-18,2026/1,2026,1,18,3,3,日,日（3）,休日,true,,false,休日,02_休日祝日,通常土日,2026-06-04 21:36:28.812000
2026-01-19,2026/1,2026,1,19,4,4,月,月（4）,平日,false,,false,平日,01_平日,平日,2026-06-04 21:36:28.812000
2026-01-20,2026/1,2026,1,20,4,4,火,火（4）,平日,false,,false,平日,01_平日,平日,2026-06-04 21:36:28.812000
2026-01-21,2026/1,2026,1,21,4,4,水,水（4）,平日,false,,false,平日,01_平日,平日,2026-06-04 21:36:28.812000
2026-01-22,2026/1,2026,1,22,4,4,木,木（4）,平日,false,,false,平日,01_平日,平日,2026-06-04 21:36:28.812000
2026-01-23,2026/1,2026,1,23,4,4,金,金（4）,平日,false,,false,平日,01_平日,平日,2026-06-04 21:36:28.812000
2026-01-24,2026/1,2026,1,24,4,4,土,土（4）,休日,true,,false,休日,02_休日祝日,通常土日,2026-06-04 21:36:28.812000
2026-01-25,2026/1,2026,1,25,4,4,日,日（4）,休日,true,,false,休日,02_休日祝日,通常土日,2026-06-04 21:36:28.812000
2026-01-26,2026/1,2026,1,26,5,5,月,月（5）,平日,false,,false,平日,01_平日,平日,2026-06-04 21:36:28.812000
2026-01-27,2026/1,2026,1,27,5,5,火,火（5）,平日,false,,false,平日,01_平日,平日,2026-06-04 21:36:28.812000
2026-01-28,2026/1,2026,1,28,5,5,水,水（5）,平日,false,,false,平日,01_平日,平日,2026-06-04 21:36:28.812000
2026-01-29,2026/1,2026,1,29,5,5,木,木（5）,平日,false,,false,平日,01_平日,平日,2026-06-04 21:36:28.812000
2026-01-30,2026/1,2026,1,30,5,5,金,金（5）,平日,false,,false,平日,01_平日,平日,2026-06-04 21:36:28.812000
2026-01-31,2026/1,2026,1,31,5,5,土,土（5）,休日,true,,false,休日,02_休日祝日,通常土日,2026-06-04 21:36:28.812000
2026-02-01,2026/2,2026,2,1,5,1,日,日（1）,休日,true,,false,休日,02_休日祝日,通常土日,2026-06-04 21:36:28.812000
2026-02-02,2026/2,2026,2,2,6,2,月,月（2）,平日,false,,false,平日,01_平日,平日,2026-06-04 21:36:28.812000
2026-02-03,2026/2,2026,2,3,6,2,火,火（2）,平日,false,,false,平日,01_平日,平日,2026-06-04 21:36:28.812000
2026-02-04,2026/2,2026,2,4,6,2,水,水（2）,平日,false,,false,平日,01_平日,平日,2026-06-04 21:36:28.812000
2026-02-05,2026/2,2026,2,5,6,2,木,木（2）,平日,false,,false,平日,01_平日,平日,2026-06-04 21:36:28.812000
2026-02-06,2026/2,2026,2,6,6,2,金,金（2）,平日,false,,false,平日,01_平日,平日,2026-06-04 21:36:28.812000
2026-02-07,2026/2,2026,2,7,6,2,土,土（2）,休日,true,,false,休日,02_休日祝日,通常土日,2026-06-04 21:36:28.812000
2026-02-08,2026/2,2026,2,8,6,2,日,日（2）,休日,true,,false,休日,02_休日祝日,通常土日,2026-06-04 21:36:28.812000
2026-02-09,2026/2,2026,2,9,7,3,月,月（3）,平日,false,,false,平日,01_平日,平日,2026-06-04 21:36:28.812000
2026-02-10,2026/2,2026,2,10,7,3,火,火（3）,平日,false,,false,平日,01_平日,平日,2026-06-04 21:36:28.812000
2026-02-11,2026/2,2026,2,11,7,3,水,水（3）,平日,false,建国記念の日,true,休日,02_休日祝日,飛び石祝日,2026-06-04 21:36:28.812000
2026-02-12,2026/2,2026,2,12,7,3,木,木（3）,平日,false,,false,平日,01_平日,平日,2026-06-04 21:36:28.812000
2026-02-13,2026/2,2026,2,13,7,3,金,金（3）,平日,false,,false,平日,01_平日,平日,2026-06-04 21:36:28.812000
2026-02-14,2026/2,2026,2,14,7,3,土,土（3）,休日,true,,false,休日,02_休日祝日,通常土日,2026-06-04 21:36:28.812000
2026-02-15,2026/2,2026,2,15,7,3,日,日（3）,休日,true,,false,休日,02_休日祝日,通常土日,2026-06-04 21:36:28.812000
2026-02-16,2026/2,2026,2,16,8,4,月,月（4）,平日,false,,false,平日,01_平日,平日,2026-06-04 21:36:28.812000
2026-02-17,2026/2,2026,2,17,8,4,火,火（4）,平日,false,,false,平日,01_平日,平日,2026-06-04 21:36:28.812000
2026-02-18,2026/2,2026,2,18,8,4,水,水（4）,平日,false,,false,平日,01_平日,平日,2026-06-04 21:36:28.812000
2026-02-19,2026/2,2026,2,19,8,4,木,木（4）,平日,false,,false,平日,01_平日,平日,2026-06-04 21:36:28.812000
2026-02-20,2026/2,2026,2,20,8,4,金,金（4）,平日,false,,false,平日,01_平日,平日,2026-06-04 21:36:28.812000
2026-02-21,2026/2,2026,2,21,8,4,土,土（4）,休日,true,,false,休日,02_休日祝日,三連休,2026-06-04 21:36:28.812000
2026-02-22,2026/2,2026,2,22,8,4,日,日（4）,休日,true,,false,休日,02_休日祝日,三連休,2026-06-04 21:36:28.812000
2026-02-23,2026/2,2026,2,23,9,5,月,月（5）,平日,false,天皇誕生日,true,休日,02_休日祝日,三連休,2026-06-04 21:36:28.812000
2026-02-24,2026/2,2026,2,24,9,5,火,火（5）,平日,false,,false,平日,01_平日,平日,2026-06-04 21:36:28.812000
2026-02-25,2026/2,2026,2,25,9,5,水,水（5）,平日,false,,false,平日,01_平日,平日,2026-06-04 21:36:28.812000
2026-02-26,2026/2,2026,2,26,9,5,木,木（5）,平日,false,,false,平日,01_平日,平日,2026-06-04 21:36:28.812000
2026-02-27,2026/2,2026,2,27,9,5,金,金（5）,平日,false,,false,平日,01_平日,平日,2026-06-04 21:36:28.812000
2026-02-28,2026/2,2026,2,28,9,5,土,土（5）,休日,true,,false,休日,02_休日祝日,通常土日,2026-06-04 21:36:28.812000
2026-03-01,2026/3,2026,3,1,9,1,日,日（1）,休日,true,,false,休日,02_休日祝日,通常土日,2026-06-04 21:36:28.812000
2026-03-02,2026/3,2026,3,2,10,2,月,月（2）,平日,false,,false,平日,01_平日,平日,2026-06-04 21:36:28.812000
2026-03-03,2026/3,2026,3,3,10,2,火,火（2）,平日,false,,false,平日,01_平日,平日,2026-06-04 21:36:28.812000
2026-03-04,2026/3,2026,3,4,10,2,水,水（2）,平日,false,,false,平日,01_平日,平日,2026-06-04 21:36:28.812000
2026-03-05,2026/3,2026,3,5,10,2,木,木（2）,平日,false,,false,平日,01_平日,平日,2026-06-04 21:36:28.812000
2026-03-06,2026/3,2026,3,6,10,2,金,金（2）,平日,false,,false,平日,01_平日,平日,2026-06-04 21:36:28.812000
2026-03-07,2026/3,2026,3,7,10,2,土,土（2）,休日,true,,false,休日,02_休日祝日,通常土日,2026-06-04 21:36:28.812000
2026-03-08,2026/3,2026,3,8,10,2,日,日（2）,休日,true,,false,休日,02_休日祝日,通常土日,2026-06-04 21:36:28.812000
2026-03-09,2026/3,2026,3,9,11,3,月,月（3）,平日,false,,false,平日,01_平日,平日,2026-06-04 21:36:28.812000
2026-03-10,2026/3,2026,3,10,11,3,火,火（3）,平日,false,,false,平日,01_平日,平日,2026-06-04 21:36:28.812000
2026-03-11,2026/3,2026,3,11,11,3,水,水（3）,平日,false,,false,平日,01_平日,平日,2026-06-04 21:36:28.812000
2026-03-12,2026/3,2026,3,12,11,3,木,木（3）,平日,false,,false,平日,01_平日,平日,2026-06-04 21:36:28.812000
2026-03-13,2026/3,2026,3,13,11,3,金,金（3）,平日,false,,false,平日,01_平日,平日,2026-06-04 21:36:28.812000
2026-03-14,2026/3,2026,3,14,11,3,土,土（3）,休日,true,,false,休日,02_休日祝日,通常土日,2026-06-04 21:36:28.812000
2026-03-15,2026/3,2026,3,15,11,3,日,日（3）,休日,true,,false,休日,02_休日祝日,通常土日,2026-06-04 21:36:28.812000
2026-03-16,2026/3,2026,3,16,12,4,月,月（4）,平日,false,,false,平日,01_平日,平日,2026-06-04 21:36:28.812000
2026-03-17,2026/3,2026,3,17,12,4,火,火（4）,平日,false,,false,平日,01_平日,平日,2026-06-04 21:36:28.812000
2026-03-18,2026/3,2026,3,18,12,4,水,水（4）,平日,false,,false,平日,01_平日,平日,2026-06-04 21:36:28.812000
2026-03-19,2026/3,2026,3,19,12,4,木,木（4）,平日,false,,false,平日,01_平日,平日,2026-06-04 21:36:28.812000
2026-03-20,2026/3,2026,3,20,12,4,金,金（4）,平日,false,春分の日,true,休日,02_休日祝日,三連休,2026-06-04 21:36:28.812000
2026-03-21,2026/3,2026,3,21,12,4,土,土（4）,休日,true,,false,休日,02_休日祝日,三連休,2026-06-04 21:36:28.812000
2026-03-22,2026/3,2026,3,22,12,4,日,日（4）,休日,true,,false,休日,02_休日祝日,三連休,2026-06-04 21:36:28.812000
2026-03-23,2026/3,2026,3,23,13,5,月,月（5）,平日,false,,false,平日,01_平日,平日,2026-06-04 21:36:28.812000
2026-03-24,2026/3,2026,3,24,13,5,火,火（5）,平日,false,,false,平日,01_平日,平日,2026-06-04 21:36:28.812000
2026-03-25,2026/3,2026,3,25,13,5,水,水（5）,平日,false,,false,平日,01_平日,平日,2026-06-04 21:36:28.812000
2026-03-26,2026/3,2026,3,26,13,5,木,木（5）,平日,false,,false,平日,01_平日,平日,2026-06-04 21:36:28.812000
2026-03-27,2026/3,2026,3,27,13,5,金,金（5）,平日,false,,false,平日,01_平日,平日,2026-06-04 21:36:28.812000
2026-03-28,2026/3,2026,3,28,13,5,土,土（5）,休日,true,,false,休日,02_休日祝日,通常土日,2026-06-04 21:36:28.812000
2026-03-29,2026/3,2026,3,29,13,5,日,日（5）,休日,true,,false,休日,02_休日祝日,通常土日,2026-06-04 21:36:28.812000
2026-03-30,2026/3,2026,3,30,14,6,月,月（6）,平日,false,,false,平日,01_平日,平日,2026-06-04 21:36:28.812000
2026-03-31,2026/3,2026,3,31,14,6,火,火（6）,平日,false,,false,平日,01_平日,平日,2026-06-04 21:36:28.812000
2026-04-01,2026/4,2026,4,1,14,1,水,水（1）,平日,false,,false,平日,01_平日,平日,2026-06-04 21:36:28.812000
2026-04-02,2026/4,2026,4,2,14,1,木,木（1）,平日,false,,false,平日,01_平日,平日,2026-06-04 21:36:28.812000
2026-04-03,2026/4,2026,4,3,14,1,金,金（1）,平日,false,,false,平日,01_平日,平日,2026-06-04 21:36:28.812000
2026-04-04,2026/4,2026,4,4,14,1,土,土（1）,休日,true,,false,休日,02_休日祝日,通常土日,2026-06-04 21:36:28.812000
2026-04-05,2026/4,2026,4,5,14,1,日,日（1）,休日,true,,false,休日,02_休日祝日,通常土日,2026-06-04 21:36:28.812000
2026-04-06,2026/4,2026,4,6,15,2,月,月（2）,平日,false,,false,平日,01_平日,平日,2026-06-04 21:36:28.812000
2026-04-07,2026/4,2026,4,7,15,2,火,火（2）,平日,false,,false,平日,01_平日,平日,2026-06-04 21:36:28.812000
2026-04-08,2026/4,2026,4,8,15,2,水,水（2）,平日,false,,false,平日,01_平日,平日,2026-06-04 21:36:28.812000
2026-04-09,2026/4,2026,4,9,15,2,木,木（2）,平日,false,,false,平日,01_平日,平日,2026-06-04 21:36:28.812000
2026-04-10,2026/4,2026,4,10,15,2,金,金（2）,平日,false,,false,平日,01_平日,平日,2026-06-04 21:36:28.812000
2026-04-11,2026/4,2026,4,11,15,2,土,土（2）,休日,true,,false,休日,02_休日祝日,通常土日,2026-06-04 21:36:28.812000
2026-04-12,2026/4,2026,4,12,15,2,日,日（2）,休日,true,,false,休日,02_休日祝日,通常土日,2026-06-04 21:36:28.812000
2026-04-13,2026/4,2026,4,13,16,3,月,月（3）,平日,false,,false,平日,01_平日,平日,2026-06-04 21:36:28.812000
2026-04-14,2026/4,2026,4,14,16,3,火,火（3）,平日,false,,false,平日,01_平日,平日,2026-06-04 21:36:28.812000
2026-04-15,2026/4,2026,4,15,16,3,水,水（3）,平日,false,,false,平日,01_平日,平日,2026-06-04 21:36:28.812000
2026-04-16,2026/4,2026,4,16,16,3,木,木（3）,平日,false,,false,平日,01_平日,平日,2026-06-04 21:36:28.812000
2026-04-17,2026/4,2026,4,17,16,3,金,金（3）,平日,false,,false,平日,01_平日,平日,2026-06-04 21:36:28.812000
2026-04-18,2026/4,2026,4,18,16,3,土,土（3）,休日,true,,false,休日,02_休日祝日,通常土日,2026-06-04 21:36:28.812000
2026-04-19,2026/4,2026,4,19,16,3,日,日（3）,休日,true,,false,休日,02_休日祝日,通常土日,2026-06-04 21:36:28.812000
2026-04-20,2026/4,2026,4,20,17,4,月,月（4）,平日,false,,false,平日,01_平日,平日,2026-06-04 21:36:28.812000
2026-04-21,2026/4,2026,4,21,17,4,火,火（4）,平日,false,,false,平日,01_平日,平日,2026-06-04 21:36:28.812000
2026-04-22,2026/4,2026,4,22,17,4,水,水（4）,平日,false,,false,平日,01_平日,平日,2026-06-04 21:36:28.812000
2026-04-23,2026/4,2026,4,23,17,4,木,木（4）,平日,false,,false,平日,01_平日,平日,2026-06-04 21:36:28.812000
2026-04-24,2026/4,2026,4,24,17,4,金,金（4）,平日,false,,false,平日,01_平日,平日,2026-06-04 21:36:28.812000
2026-04-25,2026/4,2026,4,25,17,4,土,土（4）,休日,true,,false,休日,02_休日祝日,通常土日,2026-06-04 21:36:28.812000
2026-04-26,2026/4,2026,4,26,17,4,日,日（4）,休日,true,,false,休日,02_休日祝日,通常土日,2026-06-04 21:36:28.812000
2026-04-27,2026/4,2026,4,27,18,5,月,月（5）,平日,false,,false,平日,01_平日,平日,2026-06-04 21:36:28.812000
2026-04-28,2026/4,2026,4,28,18,5,火,火（5）,平日,false,,false,平日,01_平日,平日,2026-06-04 21:36:28.812000
2026-04-29,2026/4,2026,4,29,18,5,水,水（5）,平日,false,昭和の日,true,休日,02_休日祝日,飛び石祝日,2026-06-04 21:36:28.812000
2026-04-30,2026/4,2026,4,30,18,5,木,木（5）,平日,false,,false,平日,01_平日,平日,2026-06-04 21:36:28.812000
2026-05-01,2026/5,2026,5,1,18,1,金,金（1）,平日,false,,false,平日,01_平日,平日,2026-06-04 21:36:28.812000
2026-05-02,2026/5,2026,5,2,18,1,土,土（1）,休日,true,,false,休日,02_休日祝日,GW,2026-06-04 21:36:28.812000
2026-05-03,2026/5,2026,5,3,18,1,日,日（1）,休日,true,憲法記念日,true,休日,02_休日祝日,GW,2026-06-04 21:36:28.812000
2026-05-04,2026/5,2026,5,4,19,2,月,月（2）,平日,false,みどりの日,true,休日,02_休日祝日,GW,2026-06-04 21:36:28.812000
2026-05-05,2026/5,2026,5,5,19,2,火,火（2）,平日,false,こどもの日,true,休日,02_休日祝日,GW,2026-06-04 21:36:28.812000
2026-05-06,2026/5,2026,5,6,19,2,水,水（2）,平日,false,憲法記念日 振替休日,true,休日,02_休日祝日,GW,2026-06-04 21:36:28.812000
2026-05-07,2026/5,2026,5,7,19,2,木,木（2）,平日,false,,false,平日,01_平日,平日,2026-06-04 21:36:28.812000
2026-05-08,2026/5,2026,5,8,19,2,金,金（2）,平日,false,,false,平日,01_平日,平日,2026-06-04 21:36:28.812000
2026-05-09,2026/5,2026,5,9,19,2,土,土（2）,休日,true,,false,休日,02_休日祝日,通常土日,2026-06-04 21:36:28.812000
2026-05-10,2026/5,2026,5,10,19,2,日,日（2）,休日,true,,false,休日,02_休日祝日,通常土日,2026-06-04 21:36:28.812000
2026-05-11,2026/5,2026,5,11,20,3,月,月（3）,平日,false,,false,平日,01_平日,平日,2026-06-04 21:36:28.812000
2026-05-12,2026/5,2026,5,12,20,3,火,火（3）,平日,false,,false,平日,01_平日,平日,2026-06-04 21:36:28.812000
2026-05-13,2026/5,2026,5,13,20,3,水,水（3）,平日,false,,false,平日,01_平日,平日,2026-06-04 21:36:28.812000
2026-05-14,2026/5,2026,5,14,20,3,木,木（3）,平日,false,,false,平日,01_平日,平日,2026-06-04 21:36:28.812000
2026-05-15,2026/5,2026,5,15,20,3,金,金（3）,平日,false,,false,平日,01_平日,平日,2026-06-04 21:36:28.812000
2026-05-16,2026/5,2026,5,16,20,3,土,土（3）,休日,true,,false,休日,02_休日祝日,通常土日,2026-06-04 21:36:28.812000
2026-05-17,2026/5,2026,5,17,20,3,日,日（3）,休日,true,,false,休日,02_休日祝日,通常土日,2026-06-04 21:36:28.812000
2026-05-18,2026/5,2026,5,18,21,4,月,月（4）,平日,false,,false,平日,01_平日,平日,2026-06-04 21:36:28.812000
2026-05-19,2026/5,2026,5,19,21,4,火,火（4）,平日,false,,false,平日,01_平日,平日,2026-06-04 21:36:28.812000
2026-05-20,2026/5,2026,5,20,21,4,水,水（4）,平日,false,,false,平日,01_平日,平日,2026-06-04 21:36:28.812000
2026-05-21,2026/5,2026,5,21,21,4,木,木（4）,平日,false,,false,平日,01_平日,平日,2026-06-04 21:36:28.812000
2026-05-22,2026/5,2026,5,22,21,4,金,金（4）,平日,false,,false,平日,01_平日,平日,2026-06-04 21:36:28.812000
2026-05-23,2026/5,2026,5,23,21,4,土,土（4）,休日,true,,false,休日,02_休日祝日,通常土日,2026-06-04 21:36:28.812000
2026-05-24,2026/5,2026,5,24,21,4,日,日（4）,休日,true,,false,休日,02_休日祝日,通常土日,2026-06-04 21:36:28.812000
2026-05-25,2026/5,2026,5,25,22,5,月,月（5）,平日,false,,false,平日,01_平日,平日,2026-06-04 21:36:28.812000
2026-05-26,2026/5,2026,5,26,22,5,火,火（5）,平日,false,,false,平日,01_平日,平日,2026-06-04 21:36:28.812000
2026-05-27,2026/5,2026,5,27,22,5,水,水（5）,平日,false,,false,平日,01_平日,平日,2026-06-04 21:36:28.812000
2026-05-28,2026/5,2026,5,28,22,5,木,木（5）,平日,false,,false,平日,01_平日,平日,2026-06-04 21:36:28.812000
2026-05-29,2026/5,2026,5,29,22,5,金,金（5）,平日,false,,false,平日,01_平日,平日,2026-06-04 21:36:28.812000
2026-05-30,2026/5,2026,5,30,22,5,土,土（5）,休日,true,,false,休日,02_休日祝日,通常土日,2026-06-04 21:36:28.812000
2026-05-31,2026/5,2026,5,31,22,5,日,日（5）,休日,true,,false,休日,02_休日祝日,通常土日,2026-06-04 21:36:28.812000
2026-06-01,2026/6,2026,6,1,23,1,月,月（1）,平日,false,,false,平日,01_平日,平日,2026-06-04 21:36:28.812000
2026-06-02,2026/6,2026,6,2,23,1,火,火（1）,平日,false,,false,平日,01_平日,平日,2026-06-04 21:36:28.812000
2026-06-03,2026/6,2026,6,3,23,1,水,水（1）,平日,false,,false,平日,01_平日,平日,2026-06-04 21:36:28.812000
2026-06-04,2026/6,2026,6,4,23,1,木,木（1）,平日,false,,false,平日,01_平日,平日,2026-06-04 21:36:28.812000
2026-06-05,2026/6,2026,6,5,23,1,金,金（1）,平日,false,,false,平日,01_平日,平日,2026-06-04 21:36:28.812000
2026-06-06,2026/6,2026,6,6,23,1,土,土（1）,休日,true,,false,休日,02_休日祝日,通常土日,2026-06-04 21:36:28.812000
2026-06-07,2026/6,2026,6,7,23,1,日,日（1）,休日,true,,false,休日,02_休日祝日,通常土日,2026-06-04 21:36:28.812000
2026-06-08,2026/6,2026,6,8,24,2,月,月（2）,平日,false,,false,平日,01_平日,平日,2026-06-04 21:36:28.812000
2026-06-09,2026/6,2026,6,9,24,2,火,火（2）,平日,false,,false,平日,01_平日,平日,2026-06-04 21:36:28.812000
2026-06-10,2026/6,2026,6,10,24,2,水,水（2）,平日,false,,false,平日,01_平日,平日,2026-06-04 21:36:28.812000
2026-06-11,2026/6,2026,6,11,24,2,木,木（2）,平日,false,,false,平日,01_平日,平日,2026-06-04 21:36:28.812000
2026-06-12,2026/6,2026,6,12,24,2,金,金（2）,平日,false,,false,平日,01_平日,平日,2026-06-04 21:36:28.812000
2026-06-13,2026/6,2026,6,13,24,2,土,土（2）,休日,true,,false,休日,02_休日祝日,通常土日,2026-06-04 21:36:28.812000
2026-06-14,2026/6,2026,6,14,24,2,日,日（2）,休日,true,,false,休日,02_休日祝日,通常土日,2026-06-04 21:36:28.812000
2026-06-15,2026/6,2026,6,15,25,3,月,月（3）,平日,false,,false,平日,01_平日,平日,2026-06-04 21:36:28.812000
2026-06-16,2026/6,2026,6,16,25,3,火,火（3）,平日,false,,false,平日,01_平日,平日,2026-06-04 21:36:28.812000
2026-06-17,2026/6,2026,6,17,25,3,水,水（3）,平日,false,,false,平日,01_平日,平日,2026-06-04 21:36:28.812000
2026-06-18,2026/6,2026,6,18,25,3,木,木（3）,平日,false,,false,平日,01_平日,平日,2026-06-04 21:36:28.812000
2026-06-19,2026/6,2026,6,19,25,3,金,金（3）,平日,false,,false,平日,01_平日,平日,2026-06-04 21:36:28.812000
2026-06-20,2026/6,2026,6,20,25,3,土,土（3）,休日,true,,false,休日,02_休日祝日,通常土日,2026-06-04 21:36:28.812000
2026-06-21,2026/6,2026,6,21,25,3,日,日（3）,休日,true,,false,休日,02_休日祝日,通常土日,2026-06-04 21:36:28.812000
2026-06-22,2026/6,2026,6,22,26,4,月,月（4）,平日,false,,false,平日,01_平日,平日,2026-06-04 21:36:28.812000
2026-06-23,2026/6,2026,6,23,26,4,火,火（4）,平日,false,,false,平日,01_平日,平日,2026-06-04 21:36:28.812000
2026-06-24,2026/6,2026,6,24,26,4,水,水（4）,平日,false,,false,平日,01_平日,平日,2026-06-04 21:36:28.812000
2026-06-25,2026/6,2026,6,25,26,4,木,木（4）,平日,false,,false,平日,01_平日,平日,2026-06-04 21:36:28.812000
2026-06-26,2026/6,2026,6,26,26,4,金,金（4）,平日,false,,false,平日,01_平日,平日,2026-06-04 21:36:28.812000
2026-06-27,2026/6,2026,6,27,26,4,土,土（4）,休日,true,,false,休日,02_休日祝日,通常土日,2026-06-04 21:36:28.812000
2026-06-28,2026/6,2026,6,28,26,4,日,日（4）,休日,true,,false,休日,02_休日祝日,通常土日,2026-06-04 21:36:28.812000
2026-06-29,2026/6,2026,6,29,27,5,月,月（5）,平日,false,,false,平日,01_平日,平日,2026-06-04 21:36:28.812000
2026-06-30,2026/6,2026,6,30,27,5,火,火（5）,平日,false,,false,平日,01_平日,平日,2026-06-04 21:36:28.812000
2026-07-01,2026/7,2026,7,1,27,1,水,水（1）,平日,false,,false,平日,01_平日,平日,2026-06-04 21:36:28.812000
2026-07-02,2026/7,2026,7,2,27,1,木,木（1）,平日,false,,false,平日,01_平日,平日,2026-06-04 21:36:28.812000
2026-07-03,2026/7,2026,7,3,27,1,金,金（1）,平日,false,,false,平日,01_平日,平日,2026-06-04 21:36:28.812000
2026-07-04,2026/7,2026,7,4,27,1,土,土（1）,休日,true,,false,休日,02_休日祝日,通常土日,2026-06-04 21:36:28.812000
2026-07-05,2026/7,2026,7,5,27,1,日,日（1）,休日,true,,false,休日,02_休日祝日,通常土日,2026-06-04 21:36:28.812000
2026-07-06,2026/7,2026,7,6,28,2,月,月（2）,平日,false,,false,平日,01_平日,平日,2026-06-04 21:36:28.812000
2026-07-07,2026/7,2026,7,7,28,2,火,火（2）,平日,false,,false,平日,01_平日,平日,2026-06-04 21:36:28.812000
2026-07-08,2026/7,2026,7,8,28,2,水,水（2）,平日,false,,false,平日,01_平日,平日,2026-06-04 21:36:28.812000
2026-07-09,2026/7,2026,7,9,28,2,木,木（2）,平日,false,,false,平日,01_平日,平日,2026-06-04 21:36:28.812000
2026-07-10,2026/7,2026,7,10,28,2,金,金（2）,平日,false,,false,平日,01_平日,平日,2026-06-04 21:36:28.812000
2026-07-11,2026/7,2026,7,11,28,2,土,土（2）,休日,true,,false,休日,02_休日祝日,通常土日,2026-06-04 21:36:28.812000
2026-07-12,2026/7,2026,7,12,28,2,日,日（2）,休日,true,,false,休日,02_休日祝日,通常土日,2026-06-04 21:36:28.812000
2026-07-13,2026/7,2026,7,13,29,3,月,月（3）,平日,false,,false,平日,01_平日,平日,2026-06-04 21:36:28.812000
2026-07-14,2026/7,2026,7,14,29,3,火,火（3）,平日,false,,false,平日,01_平日,平日,2026-06-04 21:36:28.812000
2026-07-15,2026/7,2026,7,15,29,3,水,水（3）,平日,false,,false,平日,01_平日,平日,2026-06-04 21:36:28.812000
2026-07-16,2026/7,2026,7,16,29,3,木,木（3）,平日,false,,false,平日,01_平日,平日,2026-06-04 21:36:28.812000
2026-07-17,2026/7,2026,7,17,29,3,金,金（3）,平日,false,,false,平日,01_平日,平日,2026-06-04 21:36:28.812000
2026-07-18,2026/7,2026,7,18,29,3,土,土（3）,休日,true,,false,休日,02_休日祝日,三連休,2026-06-04 21:36:28.812000
2026-07-19,2026/7,2026,7,19,29,3,日,日（3）,休日,true,,false,休日,02_休日祝日,三連休,2026-06-04 21:36:28.812000
2026-07-20,2026/7,2026,7,20,30,4,月,月（4）,平日,false,海の日,true,休日,02_休日祝日,三連休,2026-06-04 21:36:28.812000
2026-07-21,2026/7,2026,7,21,30,4,火,火（4）,平日,false,,false,平日,01_平日,平日,2026-06-04 21:36:28.812000
2026-07-22,2026/7,2026,7,22,30,4,水,水（4）,平日,false,,false,平日,01_平日,平日,2026-06-04 21:36:28.812000
2026-07-23,2026/7,2026,7,23,30,4,木,木（4）,平日,false,,false,平日,01_平日,平日,2026-06-04 21:36:28.812000
2026-07-24,2026/7,2026,7,24,30,4,金,金（4）,平日,false,,false,平日,01_平日,平日,2026-06-04 21:36:28.812000
2026-07-25,2026/7,2026,7,25,30,4,土,土（4）,休日,true,,false,休日,02_休日祝日,通常土日,2026-06-04 21:36:28.812000
2026-07-26,2026/7,2026,7,26,30,4,日,日（4）,休日,true,,false,休日,02_休日祝日,通常土日,2026-06-04 21:36:28.812000
2026-07-27,2026/7,2026,7,27,31,5,月,月（5）,平日,false,,false,平日,01_平日,平日,2026-06-04 21:36:28.812000
2026-07-28,2026/7,2026,7,28,31,5,火,火（5）,平日,false,,false,平日,01_平日,平日,2026-06-04 21:36:28.812000
2026-07-29,2026/7,2026,7,29,31,5,水,水（5）,平日,false,,false,平日,01_平日,平日,2026-06-04 21:36:28.812000
2026-07-30,2026/7,2026,7,30,31,5,木,木（5）,平日,false,,false,平日,01_平日,平日,2026-06-04 21:36:28.812000
2026-07-31,2026/7,2026,7,31,31,5,金,金（5）,平日,false,,false,平日,01_平日,平日,2026-06-04 21:36:28.812000
2026-08-01,2026/8,2026,8,1,31,1,土,土（1）,休日,true,,false,休日,02_休日祝日,通常土日,2026-06-04 21:36:28.812000
2026-08-02,2026/8,2026,8,2,31,1,日,日（1）,休日,true,,false,休日,02_休日祝日,通常土日,2026-06-04 21:36:28.812000
2026-08-03,2026/8,2026,8,3,32,2,月,月（2）,平日,false,,false,平日,01_平日,平日,2026-06-04 21:36:28.812000
2026-08-04,2026/8,2026,8,4,32,2,火,火（2）,平日,false,,false,平日,01_平日,平日,2026-06-04 21:36:28.812000
2026-08-05,2026/8,2026,8,5,32,2,水,水（2）,平日,false,,false,平日,01_平日,平日,2026-06-04 21:36:28.812000
2026-08-06,2026/8,2026,8,6,32,2,木,木（2）,平日,false,,false,平日,01_平日,平日,2026-06-04 21:36:28.812000
2026-08-07,2026/8,2026,8,7,32,2,金,金（2）,平日,false,,false,平日,01_平日,平日,2026-06-04 21:36:28.812000
2026-08-08,2026/8,2026,8,8,32,2,土,土（2）,休日,true,,false,休日,02_休日祝日,お盆,2026-06-04 21:36:28.812000
2026-08-09,2026/8,2026,8,9,32,2,日,日（2）,休日,true,,false,休日,02_休日祝日,お盆,2026-06-04 21:36:28.812000
2026-08-10,2026/8,2026,8,10,33,3,月,月（3）,平日,false,,false,平日,01_平日,お盆,2026-06-04 21:36:28.812000
2026-08-11,2026/8,2026,8,11,33,3,火,火（3）,平日,false,山の日,true,休日,02_休日祝日,お盆,2026-06-04 21:36:28.812000
2026-08-12,2026/8,2026,8,12,33,3,水,水（3）,平日,false,,false,平日,01_平日,お盆,2026-06-04 21:36:28.812000
2026-08-13,2026/8,2026,8,13,33,3,木,木（3）,平日,false,,false,平日,01_平日,お盆,2026-06-04 21:36:28.812000
2026-08-14,2026/8,2026,8,14,33,3,金,金（3）,平日,false,,false,平日,01_平日,お盆,2026-06-04 21:36:28.812000
2026-08-15,2026/8,2026,8,15,33,3,土,土（3）,休日,true,,false,休日,02_休日祝日,お盆,2026-06-04 21:36:28.812000
2026-08-16,2026/8,2026,8,16,33,3,日,日（3）,休日,true,,false,休日,02_休日祝日,お盆,2026-06-04 21:36:28.812000
2026-08-17,2026/8,2026,8,17,34,4,月,月（4）,平日,false,,false,平日,01_平日,平日,2026-06-04 21:36:28.812000
2026-08-18,2026/8,2026,8,18,34,4,火,火（4）,平日,false,,false,平日,01_平日,平日,2026-06-04 21:36:28.812000
2026-08-19,2026/8,2026,8,19,34,4,水,水（4）,平日,false,,false,平日,01_平日,平日,2026-06-04 21:36:28.812000
2026-08-20,2026/8,2026,8,20,34,4,木,木（4）,平日,false,,false,平日,01_平日,平日,2026-06-04 21:36:28.812000
2026-08-21,2026/8,2026,8,21,34,4,金,金（4）,平日,false,,false,平日,01_平日,平日,2026-06-04 21:36:28.812000
2026-08-22,2026/8,2026,8,22,34,4,土,土（4）,休日,true,,false,休日,02_休日祝日,通常土日,2026-06-04 21:36:28.812000
2026-08-23,2026/8,2026,8,23,34,4,日,日（4）,休日,true,,false,休日,02_休日祝日,通常土日,2026-06-04 21:36:28.812000
2026-08-24,2026/8,2026,8,24,35,5,月,月（5）,平日,false,,false,平日,01_平日,平日,2026-06-04 21:36:28.812000
2026-08-25,2026/8,2026,8,25,35,5,火,火（5）,平日,false,,false,平日,01_平日,平日,2026-06-04 21:36:28.812000
2026-08-26,2026/8,2026,8,26,35,5,水,水（5）,平日,false,,false,平日,01_平日,平日,2026-06-04 21:36:28.812000
2026-08-27,2026/8,2026,8,27,35,5,木,木（5）,平日,false,,false,平日,01_平日,平日,2026-06-04 21:36:28.812000
2026-08-28,2026/8,2026,8,28,35,5,金,金（5）,平日,false,,false,平日,01_平日,平日,2026-06-04 21:36:28.812000
2026-08-29,2026/8,2026,8,29,35,5,土,土（5）,休日,true,,false,休日,02_休日祝日,通常土日,2026-06-04 21:36:28.812000
2026-08-30,2026/8,2026,8,30,35,5,日,日（5）,休日,true,,false,休日,02_休日祝日,通常土日,2026-06-04 21:36:28.812000
2026-08-31,2026/8,2026,8,31,36,6,月,月（6）,平日,false,,false,平日,01_平日,平日,2026-06-04 21:36:28.812000
2026-09-01,2026/9,2026,9,1,36,1,火,火（1）,平日,false,,false,平日,01_平日,平日,2026-06-04 21:36:28.812000
2026-09-02,2026/9,2026,9,2,36,1,水,水（1）,平日,false,,false,平日,01_平日,平日,2026-06-04 21:36:28.812000
2026-09-03,2026/9,2026,9,3,36,1,木,木（1）,平日,false,,false,平日,01_平日,平日,2026-06-04 21:36:28.812000
2026-09-04,2026/9,2026,9,4,36,1,金,金（1）,平日,false,,false,平日,01_平日,平日,2026-06-04 21:36:28.812000
2026-09-05,2026/9,2026,9,5,36,1,土,土（1）,休日,true,,false,休日,02_休日祝日,通常土日,2026-06-04 21:36:28.812000
2026-09-06,2026/9,2026,9,6,36,1,日,日（1）,休日,true,,false,休日,02_休日祝日,通常土日,2026-06-04 21:36:28.812000
2026-09-07,2026/9,2026,9,7,37,2,月,月（2）,平日,false,,false,平日,01_平日,平日,2026-06-04 21:36:28.812000
2026-09-08,2026/9,2026,9,8,37,2,火,火（2）,平日,false,,false,平日,01_平日,平日,2026-06-04 21:36:28.812000
2026-09-09,2026/9,2026,9,9,37,2,水,水（2）,平日,false,,false,平日,01_平日,平日,2026-06-04 21:36:28.812000
2026-09-10,2026/9,2026,9,10,37,2,木,木（2）,平日,false,,false,平日,01_平日,平日,2026-06-04 21:36:28.812000
2026-09-11,2026/9,2026,9,11,37,2,金,金（2）,平日,false,,false,平日,01_平日,平日,2026-06-04 21:36:28.812000
2026-09-12,2026/9,2026,9,12,37,2,土,土（2）,休日,true,,false,休日,02_休日祝日,通常土日,2026-06-04 21:36:28.812000
2026-09-13,2026/9,2026,9,13,37,2,日,日（2）,休日,true,,false,休日,02_休日祝日,通常土日,2026-06-04 21:36:28.812000
2026-09-14,2026/9,2026,9,14,38,3,月,月（3）,平日,false,,false,平日,01_平日,平日,2026-06-04 21:36:28.812000
2026-09-15,2026/9,2026,9,15,38,3,火,火（3）,平日,false,,false,平日,01_平日,平日,2026-06-04 21:36:28.812000
2026-09-16,2026/9,2026,9,16,38,3,水,水（3）,平日,false,,false,平日,01_平日,平日,2026-06-04 21:36:28.812000
2026-09-17,2026/9,2026,9,17,38,3,木,木（3）,平日,false,,false,平日,01_平日,平日,2026-06-04 21:36:28.812000
2026-09-18,2026/9,2026,9,18,38,3,金,金（3）,平日,false,,false,平日,01_平日,平日,2026-06-04 21:36:28.812000
2026-09-19,2026/9,2026,9,19,38,3,土,土（3）,休日,true,,false,休日,02_休日祝日,三連休,2026-06-04 21:36:28.812000
2026-09-20,2026/9,2026,9,20,38,3,日,日（3）,休日,true,,false,休日,02_休日祝日,三連休,2026-06-04 21:36:28.812000
2026-09-21,2026/9,2026,9,21,39,4,月,月（4）,平日,false,敬老の日,true,休日,02_休日祝日,三連休,2026-06-04 21:36:28.812000
2026-09-22,2026/9,2026,9,22,39,4,火,火（4）,平日,false,国民の休日,true,休日,02_休日祝日,三連休,2026-06-04 21:36:28.812000
2026-09-23,2026/9,2026,9,23,39,4,水,水（4）,平日,false,秋分の日,true,休日,02_休日祝日,三連休,2026-06-04 21:36:28.812000
2026-09-24,2026/9,2026,9,24,39,4,木,木（4）,平日,false,,false,平日,01_平日,平日,2026-06-04 21:36:28.812000
2026-09-25,2026/9,2026,9,25,39,4,金,金（4）,平日,false,,false,平日,01_平日,平日,2026-06-04 21:36:28.812000
2026-09-26,2026/9,2026,9,26,39,4,土,土（4）,休日,true,,false,休日,02_休日祝日,通常土日,2026-06-04 21:36:28.812000
2026-09-27,2026/9,2026,9,27,39,4,日,日（4）,休日,true,,false,休日,02_休日祝日,通常土日,2026-06-04 21:36:28.812000
2026-09-28,2026/9,2026,9,28,40,5,月,月（5）,平日,false,,false,平日,01_平日,平日,2026-06-04 21:36:28.812000
2026-09-29,2026/9,2026,9,29,40,5,火,火（5）,平日,false,,false,平日,01_平日,平日,2026-06-04 21:36:28.812000
2026-09-30,2026/9,2026,9,30,40,5,水,水（5）,平日,false,,false,平日,01_平日,平日,2026-06-04 21:36:28.812000
2026-10-01,2026/10,2026,10,1,40,1,木,木（1）,平日,false,,false,平日,01_平日,平日,2026-06-04 21:36:28.812000
2026-10-02,2026/10,2026,10,2,40,1,金,金（1）,平日,false,,false,平日,01_平日,平日,2026-06-04 21:36:28.812000
2026-10-03,2026/10,2026,10,3,40,1,土,土（1）,休日,true,,false,休日,02_休日祝日,通常土日,2026-06-04 21:36:28.812000
2026-10-04,2026/10,2026,10,4,40,1,日,日（1）,休日,true,,false,休日,02_休日祝日,通常土日,2026-06-04 21:36:28.812000
2026-10-05,2026/10,2026,10,5,41,2,月,月（2）,平日,false,,false,平日,01_平日,平日,2026-06-04 21:36:28.812000
2026-10-06,2026/10,2026,10,6,41,2,火,火（2）,平日,false,,false,平日,01_平日,平日,2026-06-04 21:36:28.812000
2026-10-07,2026/10,2026,10,7,41,2,水,水（2）,平日,false,,false,平日,01_平日,平日,2026-06-04 21:36:28.812000
2026-10-08,2026/10,2026,10,8,41,2,木,木（2）,平日,false,,false,平日,01_平日,平日,2026-06-04 21:36:28.812000
2026-10-09,2026/10,2026,10,9,41,2,金,金（2）,平日,false,,false,平日,01_平日,平日,2026-06-04 21:36:28.812000
2026-10-10,2026/10,2026,10,10,41,2,土,土（2）,休日,true,,false,休日,02_休日祝日,三連休,2026-06-04 21:36:28.812000
2026-10-11,2026/10,2026,10,11,41,2,日,日（2）,休日,true,,false,休日,02_休日祝日,三連休,2026-06-04 21:36:28.812000
2026-10-12,2026/10,2026,10,12,42,3,月,月（3）,平日,false,スポーツの日,true,休日,02_休日祝日,三連休,2026-06-04 21:36:28.812000
2026-10-13,2026/10,2026,10,13,42,3,火,火（3）,平日,false,,false,平日,01_平日,平日,2026-06-04 21:36:28.812000
2026-10-14,2026/10,2026,10,14,42,3,水,水（3）,平日,false,,false,平日,01_平日,平日,2026-06-04 21:36:28.812000
2026-10-15,2026/10,2026,10,15,42,3,木,木（3）,平日,false,,false,平日,01_平日,平日,2026-06-04 21:36:28.812000
2026-10-16,2026/10,2026,10,16,42,3,金,金（3）,平日,false,,false,平日,01_平日,平日,2026-06-04 21:36:28.812000
2026-10-17,2026/10,2026,10,17,42,3,土,土（3）,休日,true,,false,休日,02_休日祝日,通常土日,2026-06-04 21:36:28.812000
2026-10-18,2026/10,2026,10,18,42,3,日,日（3）,休日,true,,false,休日,02_休日祝日,通常土日,2026-06-04 21:36:28.812000
2026-10-19,2026/10,2026,10,19,43,4,月,月（4）,平日,false,,false,平日,01_平日,平日,2026-06-04 21:36:28.812000
2026-10-20,2026/10,2026,10,20,43,4,火,火（4）,平日,false,,false,平日,01_平日,平日,2026-06-04 21:36:28.812000
2026-10-21,2026/10,2026,10,21,43,4,水,水（4）,平日,false,,false,平日,01_平日,平日,2026-06-04 21:36:28.812000
2026-10-22,2026/10,2026,10,22,43,4,木,木（4）,平日,false,,false,平日,01_平日,平日,2026-06-04 21:36:28.812000
2026-10-23,2026/10,2026,10,23,43,4,金,金（4）,平日,false,,false,平日,01_平日,平日,2026-06-04 21:36:28.812000
2026-10-24,2026/10,2026,10,24,43,4,土,土（4）,休日,true,,false,休日,02_休日祝日,通常土日,2026-06-04 21:36:28.812000
2026-10-25,2026/10,2026,10,25,43,4,日,日（4）,休日,true,,false,休日,02_休日祝日,通常土日,2026-06-04 21:36:28.812000
2026-10-26,2026/10,2026,10,26,44,5,月,月（5）,平日,false,,false,平日,01_平日,平日,2026-06-04 21:36:28.812000
2026-10-27,2026/10,2026,10,27,44,5,火,火（5）,平日,false,,false,平日,01_平日,平日,2026-06-04 21:36:28.812000
2026-10-28,2026/10,2026,10,28,44,5,水,水（5）,平日,false,,false,平日,01_平日,平日,2026-06-04 21:36:28.812000
2026-10-29,2026/10,2026,10,29,44,5,木,木（5）,平日,false,,false,平日,01_平日,平日,2026-06-04 21:36:28.812000
2026-10-30,2026/10,2026,10,30,44,5,金,金（5）,平日,false,,false,平日,01_平日,平日,2026-06-04 21:36:28.812000
2026-10-31,2026/10,2026,10,31,44,5,土,土（5）,休日,true,,false,休日,02_休日祝日,通常土日,2026-06-04 21:36:28.812000
2026-11-01,2026/11,2026,11,1,44,1,日,日（1）,休日,true,,false,休日,02_休日祝日,通常土日,2026-06-04 21:36:28.812000
2026-11-02,2026/11,2026,11,2,45,2,月,月（2）,平日,false,,false,平日,01_平日,平日,2026-06-04 21:36:28.812000
2026-11-03,2026/11,2026,11,3,45,2,火,火（2）,平日,false,文化の日,true,休日,02_休日祝日,飛び石祝日,2026-06-04 21:36:28.812000
2026-11-04,2026/11,2026,11,4,45,2,水,水（2）,平日,false,,false,平日,01_平日,平日,2026-06-04 21:36:28.812000
2026-11-05,2026/11,2026,11,5,45,2,木,木（2）,平日,false,,false,平日,01_平日,平日,2026-06-04 21:36:28.812000
2026-11-06,2026/11,2026,11,6,45,2,金,金（2）,平日,false,,false,平日,01_平日,平日,2026-06-04 21:36:28.812000
2026-11-07,2026/11,2026,11,7,45,2,土,土（2）,休日,true,,false,休日,02_休日祝日,通常土日,2026-06-04 21:36:28.812000
2026-11-08,2026/11,2026,11,8,45,2,日,日（2）,休日,true,,false,休日,02_休日祝日,通常土日,2026-06-04 21:36:28.812000
2026-11-09,2026/11,2026,11,9,46,3,月,月（3）,平日,false,,false,平日,01_平日,平日,2026-06-04 21:36:28.812000
2026-11-10,2026/11,2026,11,10,46,3,火,火（3）,平日,false,,false,平日,01_平日,平日,2026-06-04 21:36:28.812000
2026-11-11,2026/11,2026,11,11,46,3,水,水（3）,平日,false,,false,平日,01_平日,平日,2026-06-04 21:36:28.812000
2026-11-12,2026/11,2026,11,12,46,3,木,木（3）,平日,false,,false,平日,01_平日,平日,2026-06-04 21:36:28.812000
2026-11-13,2026/11,2026,11,13,46,3,金,金（3）,平日,false,,false,平日,01_平日,平日,2026-06-04 21:36:28.812000
2026-11-14,2026/11,2026,11,14,46,3,土,土（3）,休日,true,,false,休日,02_休日祝日,通常土日,2026-06-04 21:36:28.812000
2026-11-15,2026/11,2026,11,15,46,3,日,日（3）,休日,true,,false,休日,02_休日祝日,通常土日,2026-06-04 21:36:28.812000
2026-11-16,2026/11,2026,11,16,47,4,月,月（4）,平日,false,,false,平日,01_平日,平日,2026-06-04 21:36:28.812000
2026-11-17,2026/11,2026,11,17,47,4,火,火（4）,平日,false,,false,平日,01_平日,平日,2026-06-04 21:36:28.812000
2026-11-18,2026/11,2026,11,18,47,4,水,水（4）,平日,false,,false,平日,01_平日,平日,2026-06-04 21:36:28.812000
2026-11-19,2026/11,2026,11,19,47,4,木,木（4）,平日,false,,false,平日,01_平日,平日,2026-06-04 21:36:28.812000
2026-11-20,2026/11,2026,11,20,47,4,金,金（4）,平日,false,,false,平日,01_平日,平日,2026-06-04 21:36:28.812000
2026-11-21,2026/11,2026,11,21,47,4,土,土（4）,休日,true,,false,休日,02_休日祝日,三連休,2026-06-04 21:36:28.812000
2026-11-22,2026/11,2026,11,22,47,4,日,日（4）,休日,true,,false,休日,02_休日祝日,三連休,2026-06-04 21:36:28.812000
2026-11-23,2026/11,2026,11,23,48,5,月,月（5）,平日,false,勤労感謝の日,true,休日,02_休日祝日,三連休,2026-06-04 21:36:28.812000
2026-11-24,2026/11,2026,11,24,48,5,火,火（5）,平日,false,,false,平日,01_平日,平日,2026-06-04 21:36:28.812000
2026-11-25,2026/11,2026,11,25,48,5,水,水（5）,平日,false,,false,平日,01_平日,平日,2026-06-04 21:36:28.812000
2026-11-26,2026/11,2026,11,26,48,5,木,木（5）,平日,false,,false,平日,01_平日,平日,2026-06-04 21:36:28.812000
2026-11-27,2026/11,2026,11,27,48,5,金,金（5）,平日,false,,false,平日,01_平日,ブラックフライデー,2026-06-04 21:36:28.812000
2026-11-28,2026/11,2026,11,28,48,5,土,土（5）,休日,true,,false,休日,02_休日祝日,ブラックフライデー,2026-06-04 21:36:28.812000
2026-11-29,2026/11,2026,11,29,48,5,日,日（5）,休日,true,,false,休日,02_休日祝日,ブラックフライデー,2026-06-04 21:36:28.812000
2026-11-30,2026/11,2026,11,30,49,6,月,月（6）,平日,false,,false,平日,01_平日,平日,2026-06-04 21:36:28.812000
2026-12-01,2026/12,2026,12,1,49,1,火,火（1）,平日,false,,false,平日,01_平日,平日,2026-06-04 21:36:28.812000
2026-12-02,2026/12,2026,12,2,49,1,水,水（1）,平日,false,,false,平日,01_平日,平日,2026-06-04 21:36:28.812000
2026-12-03,2026/12,2026,12,3,49,1,木,木（1）,平日,false,,false,平日,01_平日,平日,2026-06-04 21:36:28.812000
2026-12-04,2026/12,2026,12,4,49,1,金,金（1）,平日,false,,false,平日,01_平日,平日,2026-06-04 21:36:28.812000
2026-12-05,2026/12,2026,12,5,49,1,土,土（1）,休日,true,,false,休日,02_休日祝日,通常土日,2026-06-04 21:36:28.812000
2026-12-06,2026/12,2026,12,6,49,1,日,日（1）,休日,true,,false,休日,02_休日祝日,通常土日,2026-06-04 21:36:28.812000
2026-12-07,2026/12,2026,12,7,50,2,月,月（2）,平日,false,,false,平日,01_平日,平日,2026-06-04 21:36:28.812000
2026-12-08,2026/12,2026,12,8,50,2,火,火（2）,平日,false,,false,平日,01_平日,平日,2026-06-04 21:36:28.812000
2026-12-09,2026/12,2026,12,9,50,2,水,水（2）,平日,false,,false,平日,01_平日,平日,2026-06-04 21:36:28.812000
2026-12-10,2026/12,2026,12,10,50,2,木,木（2）,平日,false,,false,平日,01_平日,平日,2026-06-04 21:36:28.812000
2026-12-11,2026/12,2026,12,11,50,2,金,金（2）,平日,false,,false,平日,01_平日,平日,2026-06-04 21:36:28.812000
2026-12-12,2026/12,2026,12,12,50,2,土,土（2）,休日,true,,false,休日,02_休日祝日,通常土日,2026-06-04 21:36:28.812000
2026-12-13,2026/12,2026,12,13,50,2,日,日（2）,休日,true,,false,休日,02_休日祝日,通常土日,2026-06-04 21:36:28.812000
2026-12-14,2026/12,2026,12,14,51,3,月,月（3）,平日,false,,false,平日,01_平日,平日,2026-06-04 21:36:28.812000
2026-12-15,2026/12,2026,12,15,51,3,火,火（3）,平日,false,,false,平日,01_平日,平日,2026-06-04 21:36:28.812000
2026-12-16,2026/12,2026,12,16,51,3,水,水（3）,平日,false,,false,平日,01_平日,平日,2026-06-04 21:36:28.812000
2026-12-17,2026/12,2026,12,17,51,3,木,木（3）,平日,false,,false,平日,01_平日,平日,2026-06-04 21:36:28.812000
2026-12-18,2026/12,2026,12,18,51,3,金,金（3）,平日,false,,false,平日,01_平日,平日,2026-06-04 21:36:28.812000
2026-12-19,2026/12,2026,12,19,51,3,土,土（3）,休日,true,,false,休日,02_休日祝日,通常土日,2026-06-04 21:36:28.812000
2026-12-20,2026/12,2026,12,20,51,3,日,日（3）,休日,true,,false,休日,02_休日祝日,通常土日,2026-06-04 21:36:28.812000
2026-12-21,2026/12,2026,12,21,52,4,月,月（4）,平日,false,,false,平日,01_平日,平日,2026-06-04 21:36:28.812000
2026-12-22,2026/12,2026,12,22,52,4,火,火（4）,平日,false,,false,平日,01_平日,平日,2026-06-04 21:36:28.812000
2026-12-23,2026/12,2026,12,23,52,4,水,水（4）,平日,false,,false,平日,01_平日,平日,2026-06-04 21:36:28.812000
2026-12-24,2026/12,2026,12,24,52,4,木,木（4）,平日,false,,false,平日,01_平日,平日,2026-06-04 21:36:28.812000
2026-12-25,2026/12,2026,12,25,52,4,金,金（4）,平日,false,,false,平日,01_平日,平日,2026-06-04 21:36:28.812000
2026-12-26,2026/12,2026,12,26,52,4,土,土（4）,休日,true,,false,休日,02_休日祝日,年末,2026-06-04 21:36:28.812000
2026-12-27,2026/12,2026,12,27,52,4,日,日（4）,休日,true,,false,休日,02_休日祝日,年末,2026-06-04 21:36:28.812000
2026-12-28,2026/12,2026,12,28,53,5,月,月（5）,平日,false,,false,平日,01_平日,年末,2026-06-04 21:36:28.812000
2026-12-29,2026/12,2026,12,29,53,5,火,火（5）,平日,false,,false,平日,04_年末年始,年末,2026-06-04 21:36:28.812000
2026-12-30,2026/12,2026,12,30,53,5,水,水（5）,平日,false,,false,平日,04_年末年始,年末,2026-06-04 21:36:28.812000
2026-12-31,2026/12,2026,12,31,53,5,木,木（5）,平日,false,,false,平日,04_年末年始,年末,2026-06-04 21:36:28.812000
2027-01-01,2027/1,2027,1,1,53,1,金,金（1）,平日,false,元日,true,休日,04_年末年始,正月,2026-06-04 21:36:28.812000
2027-01-02,2027/1,2027,1,2,53,1,土,土（1）,休日,true,,false,休日,04_年末年始,正月,2026-06-04 21:36:28.812000
2027-01-03,2027/1,2027,1,3,53,1,日,日（1）,休日,true,,false,休日,04_年末年始,正月,2026-06-04 21:36:28.812000
2027-01-04,2027/1,2027,1,4,1,2,月,月（2）,平日,false,,false,平日,01_平日,平日,2026-06-04 21:36:28.812000
2027-01-05,2027/1,2027,1,5,1,2,火,火（2）,平日,false,,false,平日,01_平日,平日,2026-06-04 21:36:28.812000
2027-01-06,2027/1,2027,1,6,1,2,水,水（2）,平日,false,,false,平日,01_平日,平日,2026-06-04 21:36:28.812000
2027-01-07,2027/1,2027,1,7,1,2,木,木（2）,平日,false,,false,平日,01_平日,平日,2026-06-04 21:36:28.812000
2027-01-08,2027/1,2027,1,8,1,2,金,金（2）,平日,false,,false,平日,01_平日,平日,2026-06-04 21:36:28.812000
2027-01-09,2027/1,2027,1,9,1,2,土,土（2）,休日,true,,false,休日,02_休日祝日,三連休,2026-06-04 21:36:28.812000
2027-01-10,2027/1,2027,1,10,1,2,日,日（2）,休日,true,,false,休日,02_休日祝日,三連休,2026-06-04 21:36:28.812000
2027-01-11,2027/1,2027,1,11,2,3,月,月（3）,平日,false,成人の日,true,休日,02_休日祝日,三連休,2026-06-04 21:36:28.812000
2027-01-12,2027/1,2027,1,12,2,3,火,火（3）,平日,false,,false,平日,01_平日,平日,2026-06-04 21:36:28.812000
2027-01-13,2027/1,2027,1,13,2,3,水,水（3）,平日,false,,false,平日,01_平日,平日,2026-06-04 21:36:28.812000
2027-01-14,2027/1,2027,1,14,2,3,木,木（3）,平日,false,,false,平日,01_平日,平日,2026-06-04 21:36:28.812000
2027-01-15,2027/1,2027,1,15,2,3,金,金（3）,平日,false,,false,平日,01_平日,平日,2026-06-04 21:36:28.812000
2027-01-16,2027/1,2027,1,16,2,3,土,土（3）,休日,true,,false,休日,02_休日祝日,通常土日,2026-06-04 21:36:28.812000
2027-01-17,2027/1,2027,1,17,2,3,日,日（3）,休日,true,,false,休日,02_休日祝日,通常土日,2026-06-04 21:36:28.812000
2027-01-18,2027/1,2027,1,18,3,4,月,月（4）,平日,false,,false,平日,01_平日,平日,2026-06-04 21:36:28.812000
2027-01-19,2027/1,2027,1,19,3,4,火,火（4）,平日,false,,false,平日,01_平日,平日,2026-06-04 21:36:28.812000
2027-01-20,2027/1,2027,1,20,3,4,水,水（4）,平日,false,,false,平日,01_平日,平日,2026-06-04 21:36:28.812000
2027-01-21,2027/1,2027,1,21,3,4,木,木（4）,平日,false,,false,平日,01_平日,平日,2026-06-04 21:36:28.812000
2027-01-22,2027/1,2027,1,22,3,4,金,金（4）,平日,false,,false,平日,01_平日,平日,2026-06-04 21:36:28.812000
2027-01-23,2027/1,2027,1,23,3,4,土,土（4）,休日,true,,false,休日,02_休日祝日,通常土日,2026-06-04 21:36:28.812000
2027-01-24,2027/1,2027,1,24,3,4,日,日（4）,休日,true,,false,休日,02_休日祝日,通常土日,2026-06-04 21:36:28.812000
2027-01-25,2027/1,2027,1,25,4,5,月,月（5）,平日,false,,false,平日,01_平日,平日,2026-06-04 21:36:28.812000
2027-01-26,2027/1,2027,1,26,4,5,火,火（5）,平日,false,,false,平日,01_平日,平日,2026-06-04 21:36:28.812000
2027-01-27,2027/1,2027,1,27,4,5,水,水（5）,平日,false,,false,平日,01_平日,平日,2026-06-04 21:36:28.812000
2027-01-28,2027/1,2027,1,28,4,5,木,木（5）,平日,false,,false,平日,01_平日,平日,2026-06-04 21:36:28.812000
2027-01-29,2027/1,2027,1,29,4,5,金,金（5）,平日,false,,false,平日,01_平日,平日,2026-06-04 21:36:28.812000
2027-01-30,2027/1,2027,1,30,4,5,土,土（5）,休日,true,,false,休日,02_休日祝日,通常土日,2026-06-04 21:36:28.812000
2027-01-31,2027/1,2027,1,31,4,5,日,日（5）,休日,true,,false,休日,02_休日祝日,通常土日,2026-06-04 21:36:28.812000
2027-02-01,2027/2,2027,2,1,5,1,月,月（1）,平日,false,,false,平日,01_平日,平日,2026-06-04 21:36:28.812000
2027-02-02,2027/2,2027,2,2,5,1,火,火（1）,平日,false,,false,平日,01_平日,平日,2026-06-04 21:36:28.812000
2027-02-03,2027/2,2027,2,3,5,1,水,水（1）,平日,false,,false,平日,01_平日,平日,2026-06-04 21:36:28.812000
2027-02-04,2027/2,2027,2,4,5,1,木,木（1）,平日,false,,false,平日,01_平日,平日,2026-06-04 21:36:28.812000
2027-02-05,2027/2,2027,2,5,5,1,金,金（1）,平日,false,,false,平日,01_平日,平日,2026-06-04 21:36:28.812000
2027-02-06,2027/2,2027,2,6,5,1,土,土（1）,休日,true,,false,休日,02_休日祝日,通常土日,2026-06-04 21:36:28.812000
2027-02-07,2027/2,2027,2,7,5,1,日,日（1）,休日,true,,false,休日,02_休日祝日,通常土日,2026-06-04 21:36:28.812000
2027-02-08,2027/2,2027,2,8,6,2,月,月（2）,平日,false,,false,平日,01_平日,平日,2026-06-04 21:36:28.812000
2027-02-09,2027/2,2027,2,9,6,2,火,火（2）,平日,false,,false,平日,01_平日,平日,2026-06-04 21:36:28.812000
2027-02-10,2027/2,2027,2,10,6,2,水,水（2）,平日,false,,false,平日,01_平日,平日,2026-06-04 21:36:28.812000
2027-02-11,2027/2,2027,2,11,6,2,木,木（2）,平日,false,建国記念の日,true,休日,02_休日祝日,飛び石祝日,2026-06-04 21:36:28.812000
2027-02-12,2027/2,2027,2,12,6,2,金,金（2）,平日,false,,false,平日,01_平日,平日,2026-06-04 21:36:28.812000
2027-02-13,2027/2,2027,2,13,6,2,土,土（2）,休日,true,,false,休日,02_休日祝日,通常土日,2026-06-04 21:36:28.812000
2027-02-14,2027/2,2027,2,14,6,2,日,日（2）,休日,true,,false,休日,02_休日祝日,通常土日,2026-06-04 21:36:28.812000
2027-02-15,2027/2,2027,2,15,7,3,月,月（3）,平日,false,,false,平日,01_平日,平日,2026-06-04 21:36:28.812000
2027-02-16,2027/2,2027,2,16,7,3,火,火（3）,平日,false,,false,平日,01_平日,平日,2026-06-04 21:36:28.812000
2027-02-17,2027/2,2027,2,17,7,3,水,水（3）,平日,false,,false,平日,01_平日,平日,2026-06-04 21:36:28.812000
2027-02-18,2027/2,2027,2,18,7,3,木,木（3）,平日,false,,false,平日,01_平日,平日,2026-06-04 21:36:28.812000
2027-02-19,2027/2,2027,2,19,7,3,金,金（3）,平日,false,,false,平日,01_平日,平日,2026-06-04 21:36:28.812000
2027-02-20,2027/2,2027,2,20,7,3,土,土（3）,休日,true,,false,休日,02_休日祝日,通常土日,2026-06-04 21:36:28.812000
2027-02-21,2027/2,2027,2,21,7,3,日,日（3）,休日,true,,false,休日,02_休日祝日,通常土日,2026-06-04 21:36:28.812000
2027-02-22,2027/2,2027,2,22,8,4,月,月（4）,平日,false,,false,平日,01_平日,平日,2026-06-04 21:36:28.812000
2027-02-23,2027/2,2027,2,23,8,4,火,火（4）,平日,false,天皇誕生日,true,休日,02_休日祝日,飛び石祝日,2026-06-04 21:36:28.812000
2027-02-24,2027/2,2027,2,24,8,4,水,水（4）,平日,false,,false,平日,01_平日,平日,2026-06-04 21:36:28.812000
2027-02-25,2027/2,2027,2,25,8,4,木,木（4）,平日,false,,false,平日,01_平日,平日,2026-06-04 21:36:28.812000
2027-02-26,2027/2,2027,2,26,8,4,金,金（4）,平日,false,,false,平日,01_平日,平日,2026-06-04 21:36:28.812000
2027-02-27,2027/2,2027,2,27,8,4,土,土（4）,休日,true,,false,休日,02_休日祝日,通常土日,2026-06-04 21:36:28.812000
2027-02-28,2027/2,2027,2,28,8,4,日,日（4）,休日,true,,false,休日,02_休日祝日,通常土日,2026-06-04 21:36:28.812000
2027-03-01,2027/3,2027,3,1,9,1,月,月（1）,平日,false,,false,平日,01_平日,平日,2026-06-04 21:36:28.812000
2027-03-02,2027/3,2027,3,2,9,1,火,火（1）,平日,false,,false,平日,01_平日,平日,2026-06-04 21:36:28.812000
2027-03-03,2027/3,2027,3,3,9,1,水,水（1）,平日,false,,false,平日,01_平日,平日,2026-06-04 21:36:28.812000
2027-03-04,2027/3,2027,3,4,9,1,木,木（1）,平日,false,,false,平日,01_平日,平日,2026-06-04 21:36:28.812000
2027-03-05,2027/3,2027,3,5,9,1,金,金（1）,平日,false,,false,平日,01_平日,平日,2026-06-04 21:36:28.812000
2027-03-06,2027/3,2027,3,6,9,1,土,土（1）,休日,true,,false,休日,02_休日祝日,通常土日,2026-06-04 21:36:28.812000
2027-03-07,2027/3,2027,3,7,9,1,日,日（1）,休日,true,,false,休日,02_休日祝日,通常土日,2026-06-04 21:36:28.812000
2027-03-08,2027/3,2027,3,8,10,2,月,月（2）,平日,false,,false,平日,01_平日,平日,2026-06-04 21:36:28.812000
2027-03-09,2027/3,2027,3,9,10,2,火,火（2）,平日,false,,false,平日,01_平日,平日,2026-06-04 21:36:28.812000
2027-03-10,2027/3,2027,3,10,10,2,水,水（2）,平日,false,,false,平日,01_平日,平日,2026-06-04 21:36:28.812000
2027-03-11,2027/3,2027,3,11,10,2,木,木（2）,平日,false,,false,平日,01_平日,平日,2026-06-04 21:36:28.812000
2027-03-12,2027/3,2027,3,12,10,2,金,金（2）,平日,false,,false,平日,01_平日,平日,2026-06-04 21:36:28.812000
2027-03-13,2027/3,2027,3,13,10,2,土,土（2）,休日,true,,false,休日,02_休日祝日,通常土日,2026-06-04 21:36:28.812000
2027-03-14,2027/3,2027,3,14,10,2,日,日（2）,休日,true,,false,休日,02_休日祝日,通常土日,2026-06-04 21:36:28.812000
2027-03-15,2027/3,2027,3,15,11,3,月,月（3）,平日,false,,false,平日,01_平日,平日,2026-06-04 21:36:28.812000
2027-03-16,2027/3,2027,3,16,11,3,火,火（3）,平日,false,,false,平日,01_平日,平日,2026-06-04 21:36:28.812000
2027-03-17,2027/3,2027,3,17,11,3,水,水（3）,平日,false,,false,平日,01_平日,平日,2026-06-04 21:36:28.812000
2027-03-18,2027/3,2027,3,18,11,3,木,木（3）,平日,false,,false,平日,01_平日,平日,2026-06-04 21:36:28.812000
2027-03-19,2027/3,2027,3,19,11,3,金,金（3）,平日,false,,false,平日,01_平日,平日,2026-06-04 21:36:28.812000
2027-03-20,2027/3,2027,3,20,11,3,土,土（3）,休日,true,,false,休日,02_休日祝日,三連休,2026-06-04 21:36:28.812000
2027-03-21,2027/3,2027,3,21,11,3,日,日（3）,休日,true,春分の日,true,休日,02_休日祝日,三連休,2026-06-04 21:36:28.812000
2027-03-22,2027/3,2027,3,22,12,4,月,月（4）,平日,false,春分の日 振替休日,true,休日,02_休日祝日,三連休,2026-06-04 21:36:28.812000
2027-03-23,2027/3,2027,3,23,12,4,火,火（4）,平日,false,,false,平日,01_平日,平日,2026-06-04 21:36:28.812000
2027-03-24,2027/3,2027,3,24,12,4,水,水（4）,平日,false,,false,平日,01_平日,平日,2026-06-04 21:36:28.812000
2027-03-25,2027/3,2027,3,25,12,4,木,木（4）,平日,false,,false,平日,01_平日,平日,2026-06-04 21:36:28.812000
2027-03-26,2027/3,2027,3,26,12,4,金,金（4）,平日,false,,false,平日,01_平日,平日,2026-06-04 21:36:28.812000
2027-03-27,2027/3,2027,3,27,12,4,土,土（4）,休日,true,,false,休日,02_休日祝日,通常土日,2026-06-04 21:36:28.812000
2027-03-28,2027/3,2027,3,28,12,4,日,日（4）,休日,true,,false,休日,02_休日祝日,通常土日,2026-06-04 21:36:28.812000
2027-03-29,2027/3,2027,3,29,13,5,月,月（5）,平日,false,,false,平日,01_平日,平日,2026-06-04 21:36:28.812000
2027-03-30,2027/3,2027,3,30,13,5,火,火（5）,平日,false,,false,平日,01_平日,平日,2026-06-04 21:36:28.812000
2027-03-31,2027/3,2027,3,31,13,5,水,水（5）,平日,false,,false,平日,01_平日,平日,2026-06-04 21:36:28.812000
